FIPS,Rate_x,Rate_y,Rate
1001,398.2,86.9,0.0
1003,341.1,78.2,2.6
1005,613.1,192.1,3.7
1007,444.2,97.7,0.0
1009,124.4,10.4,0.0
1011,939.9,253.8,9.4
1013,804.3,143.1,4.9
1015,723.9,196.2,1.7
1017,825.5,213.7,0.0
1019,366.4,91.6,0.0
1021,402.7,100.1,0.0
1023,409.7,59.6,0.0
1025,607.0,111.1,0.0
1027,393.0,103.8,14.8
1029,213.4,40.0,0.0
1031,565.4,125.6,0.0
1033,467.7,113.7,1.8
1035,550.9,69.8,0.0
1037,330.3,100.9,0.0
1039,414.4,66.0,0.0
1041,707.9,128.7,0.0
1043,319.3,26.0,0.0
1045,573.3,120.3,6.0
1047,850.1,142.9,0.0
1049,276.0,60.6,1.4
1051,538.9,119.9,0.0
1053,502.9,136.9,2.6
1055,646.6,178.0,2.9
1057,408.1,29.6,0.0
1059,314.0,25.4,0.0
1061,415.3,142.2,3.7
1063,316.71,274.5,11.4
1065,316.71,272.6,0.0
1067,526.1,144.5,0.0
1069,751.4,198.7,4.8
1071,300.3,22.7,0.0
1073,764.2,251.7,7.0
1075,414.4,84.3,0.0
1077,428.9,58.2,2.2
1079,321.6,50.6,0.0
1081,485.0,108.7,1.3
1083,290.4,76.5,0.0
1085,316.71,233.6,0.0
1087,316.71,391.1,0.0
1089,610.9,227.2,5.2
1091,714.5,124.0,5.0
1093,303.3,49.4,0.0
1095,230.1,26.4,3.2
1097,778.1,172.7,3.1
1099,544.2,49.5,0.0
1101,316.71,423.1,7.5
1103,374.0,92.7,2.5
1105,948.1,129.7,0.0
1107,685.5,139.2,0.0
1109,316.71,270.0,6.0
1111,396.0,48.4,0.0
1113,783.8,199.7,3.4
1115,238.7,62.6,2.3
1117,204.7,46.0,3.9
1119,316.71,164.7,7.5
1121,695.5,261.4,4.9
1123,502.4,131.1,2.4
1125,745.4,150.4,2.5
1127,448.5,116.7,3.0
1129,361.4,106.7,5.9
1131,893.3,123.8,0.0
1133,256.8,8.3,0.0
2013,258.7,129.4,0.0
2016,417.3,18.1,0.0
2020,838.3,259.8,3.3
2050,316.71,444.9,0.0
2060,625.0,104.2,0.0
2068,267.8,0.0,0.0
2070,316.71,459.1,0.0
2090,743.8,83.6,1.0
2100,540.1,0.0,0.0
2105,316.71,65.3,2.64
2110,474.6,18.4,0.0
2122,379.7,40.2,3.5
2130,852.2,43.7,0.0
2150,382.0,21.2,0.0
2164,728.2,485.4,0.0
2170,418.1,50.4,0.0
2180,316.71,65.3,0.0
2185,825.9,309.7,10.3
2188,316.71,325.3,0.0
2195,316.71,65.3,2.64
2198,316.71,65.3,2.64
2201,0.0,0.0,0.0
2220,476.7,44.3,0.0
2230,316.71,65.3,2.64
2232,254.8,31.8,0.0
2240,272.0,57.3,0.0
2261,348.3,0.0,0.0
2270,316.71,877.5,0.0
2275,316.71,65.3,2.64
2280,0.0,0.0,0.0
2282,155.8,0.0,0.0
2290,316.71,351.2,0.0
4001,863.3,130.7,1.4
4003,389.3,52.5,1.5
4005,651.8,87.9,3.7
4007,371.3,33.9,0.0
4009,360.2,50.7,2.7
4011,541.5,33.2,0.0
4012,452.7,54.1,0.0
4013,504.3,140.7,10.3
4015,217.7,36.4,1.0
4017,719.3,139.8,2.8
4019,563.4,106.1,14.4
4021,348.5,77.6,1.0
4023,369.9,36.3,0.0
4025,184.5,23.7,1.4
4027,464.2,61.6,0.0
5001,655.1,447.4,16.0
5003,657.8,141.0,4.7
5005,195.3,22.0,0.0
5007,256.2,37.1,2.5
5009,224.6,32.1,2.7
5011,391.1,53.3,0.0
5013,190.8,76.3,19.1
5015,276.9,14.4,3.6
5017,820.5,185.3,8.8
5019,743.1,277.0,0.0
5021,233.7,45.4,0.0
5023,245.3,3.9,0.0
5025,302.6,58.2,0.0
5027,972.5,339.3,8.3
5029,447.2,150.6,0.0
5031,610.9,132.0,3.0
5033,236.9,43.8,4.9
5035,316.71,315.6,8.0
5037,587.0,125.4,0.0
5039,756.3,100.8,0.0
5041,871.7,183.9,8.0
5043,601.5,165.0,0.0
5045,475.0,102.9,2.5
5047,277.3,38.8,0.0
5049,203.2,0.0,0.0
5051,418.8,169.8,4.1
5053,277.5,33.3,0.0
5055,429.3,141.5,0.0
5057,889.9,422.7,8.9
5059,504.5,167.2,0.0
5061,611.1,265.1,0.0
5063,297.3,75.7,0.0
5065,194.5,15.0,7.5
5067,380.4,68.1,5.7
5069,316.71,456.3,15.0
5071,406.3,73.5,0.0
5073,634.3,248.2,0.0
5075,270.4,70.5,0.0
5077,599.1,179.7,20.0
5079,285.1,99.8,7.1
5081,534.2,149.3,7.9
5083,303.4,49.8,0.0
5085,414.1,89.0,2.8
5087,235.7,0.0,0.0
5089,237.4,0.0,0.0
5091,907.8,529.9,2.3
5093,936.0,315.0,2.2
5095,316.71,286.4,0.0
5097,249.3,75.9,0.0
5099,636.4,318.2,0.0
5101,210.8,0.0,0.0
5103,795.9,164.0,4.0
5105,154.7,0.0,0.0
5107,316.71,250.0,4.9
5109,357.9,71.6,0.0
5111,488.7,140.8,0.0
5113,181.3,9.8,0.0
5115,460.5,102.3,1.6
5117,250.8,59.7,0.0
5119,823.4,304.6,8.2
5121,344.8,22.6,0.0
5123,667.6,124.7,3.7
5125,257.0,63.8,1.7
5127,310.5,45.7,18.3
5129,199.4,24.9,0.0
5131,425.6,131.9,9.4
5133,368.5,109.4,0.0
5135,211.2,17.6,0.0
5137,174.9,15.9,0.0
5139,685.6,258.0,2.5
5141,206.7,17.7,5.9
5143,538.8,116.4,3.7
5145,425.6,95.6,1.3
5147,325.2,169.7,0.0
5149,283.2,36.5,4.6
6001,456.9,146.1,9.2
6003,258.8,0.0,0.0
6005,153.3,32.9,0.0
6007,489.9,138.2,0.5
6009,150.5,42.7,0.0
6011,173.2,23.4,0.0
6013,388.4,93.9,7.6
6015,211.7,57.4,0.0
6017,178.3,27.5,1.1
6019,599.8,159.0,12.4
6021,275.6,25.1,0.0
6023,330.9,106.3,1.5
6025,411.7,47.6,4.0
6027,330.3,48.7,0.0
6029,734.3,179.1,16.2
6031,354.4,98.0,13.9
6033,277.2,104.9,3.1
6035,248.7,37.3,0.0
6037,547.9,152.9,12.0
6039,526.3,105.7,8.5
6041,237.6,33.7,6.6
6043,157.7,33.8,0.0
6045,329.2,63.1,0.0
6047,394.7,71.4,4.9
6049,65.6,10.9,0.0
6051,156.3,28.4,7.1
6053,397.1,69.0,5.8
6055,271.5,42.8,4.3
6057,225.1,27.5,0.0
6059,301.2,58.2,6.5
6061,240.7,39.5,3.0
6063,291.6,15.9,0.0
6065,384.2,73.5,8.2
6067,529.1,152.3,9.4
6069,251.7,38.2,1.7
6071,514.9,124.8,4.8
6073,490.6,106.5,11.6
6075,721.4,397.4,56.1
6077,502.6,141.5,12.5
6079,376.6,54.6,2.2
6081,302.1,48.3,7.0
6083,463.9,45.4,5.5
6085,329.4,82.2,6.4
6087,340.0,66.8,11.5
6089,381.6,212.3,1.1
6091,131.3,32.8,0.0
6093,258.0,73.1,9.1
6095,544.0,143.1,8.5
6097,332.3,44.2,6.1
6099,450.2,150.9,12.4
6101,353.4,88.1,0.0
6103,302.9,118.9,1.6
6105,133.8,52.1,0.0
6107,515.9,86.8,6.4
6109,189.3,42.7,7.4
6111,295.3,43.2,5.7
6113,356.8,94.8,5.9
6115,355.9,117.3,4.1
8001,429.9,49.7,3.4
8003,479.9,92.3,0.0
8005,572.1,74.6,4.8
8007,205.0,32.8,0.0
8009,108.6,0.0,0.0
8011,228.6,52.7,0.0
8013,308.0,27.4,1.6
8014,275.8,33.6,1.7
8015,178.3,21.6,0.0
8017,0.0,0.0,0.0
8019,110.7,11.1,11.1
8021,290.0,12.1,0.0
8023,199.0,0.0,0.0
8025,244.3,37.6,0.0
8027,116.7,23.3,0.0
8029,187.0,3.3,0.0
8031,911.3,166.3,13.9
8033,98.6,0.0,0.0
8035,166.4,15.4,0.3
8037,263.1,9.5,1.9
8039,139.0,21.1,4.2
8041,383.5,78.5,0.9
8043,230.4,19.4,0.0
8045,270.5,26.2,1.7
8047,89.3,35.7,0.0
8049,119.0,28.0,0.0
8051,283.7,6.4,0.0
8053,0.0,0.0,0.0
8055,184.1,46.0,0.0
8057,73.3,0.0,0.0
8059,217.1,31.5,2.5
8061,0.0,0.0,0.0
8063,87.1,0.0,12.4
8065,232.7,27.4,0.0
8067,347.2,33.8,0.0
8069,288.0,23.1,1.9
8071,283.8,27.7,0.0
8073,147.3,18.4,0.0
8075,262.8,4.5,0.0
8077,378.2,30.5,0.0
8079,416.1,0.0,0.0
8081,259.5,30.5,0.0
8083,479.7,74.1,0.0
8085,275.1,2.5,0.0
8087,285.2,24.6,3.5
8089,299.4,5.3,0.0
8091,109.7,0.0,0.0
8093,111.7,6.2,0.0
8095,229.6,0.0,0.0
8097,207.1,23.0,0.0
8099,423.1,0.0,0.0
8101,483.1,136.9,3.1
8103,102.8,29.4,0.0
8105,440.6,50.8,0.0
8107,161.6,8.5,4.3
8109,128.9,0.0,0.0
8111,289.0,0.0,0.0
8113,169.3,26.0,0.0
8115,211.9,0.0,0.0
8117,237.4,17.5,7.0
8119,111.7,12.9,0.0
8121,83.3,0.0,0.0
8123,369.2,24.5,1.5
8125,177.3,0.0,0.0
9001,309.9,49.4,2.0
9003,462.4,89.7,2.6
9005,155.1,25.1,0.0
9007,186.0,30.2,1.8
9009,459.6,84.2,3.9
9011,309.7,32.1,2.6
9013,165.8,25.1,0.0
9015,258.5,13.6,0.0
10001,569.0,141.1,4.7
10003,482.8,143.5,6.0
10005,413.7,121.5,2.9
11001,0.3,0.5,0.0
12001,772.1,162.2,8.7
12003,562.7,92.5,3.7
12005,400.0,93.1,1.1
12007,484.2,175.0,7.4
12009,303.0,87.5,3.4
12011,491.9,140.6,17.6
12013,374.6,47.7,0.0
12015,164.5,33.4,2.4
12017,287.2,24.4,2.2
12019,367.6,99.8,1.5
12021,240.3,18.5,5.3
12023,470.8,102.2,1.5
12027,408.5,31.9,5.8
12029,389.0,56.5,6.3
12031,651.3,251.6,7.3
12033,596.1,171.7,8.8
12035,284.1,56.0,1.0
12037,344.9,17.2,0.0
12039,811.8,149.4,6.5
12041,360.3,65.0,0.0
12043,239.8,30.0,0.0
12045,208.5,63.2,0.0
12047,640.9,62.7,7.0
12049,439.7,14.5,0.0
12051,549.8,48.0,5.3
12053,264.3,45.3,2.3
12055,302.2,24.6,0.0
12057,578.0,142.8,16.9
12059,289.1,20.3,5.1
12061,297.2,41.6,1.4
12063,443.6,61.3,0.0
12065,429.8,133.9,7.0
12067,146.9,22.6,0.0
12069,345.4,58.1,2.9
12071,363.6,58.8,3.3
12073,316.71,247.3,8.5
12075,514.6,78.2,0.0
12077,191.6,12.0,0.0
12079,528.6,42.7,0.0
12081,433.5,138.8,1.8
12083,410.8,89.2,3.3
12085,183.8,35.0,4.6
12086,409.8,92.7,16.6
12087,220.0,24.9,13.1
12089,220.6,63.4,0.0
12091,455.6,72.2,0.5
12093,333.1,25.4,0.0
12095,588.7,154.5,15.2
12097,414.4,63.7,5.0
12099,351.9,81.3,4.7
12101,231.3,42.7,4.0
12103,422.6,143.0,8.5
12105,468.7,105.5,7.9
12107,399.6,79.9,0.0
12109,276.7,52.5,0.0
12111,344.8,82.3,3.1
12113,245.2,43.5,3.7
12115,237.2,75.8,3.3
12117,341.0,70.9,6.7
12119,170.9,29.0,0.9
12121,297.3,54.9,2.3
12123,336.9,48.1,0.0
12125,396.4,112.3,6.6
12127,286.7,80.5,3.6
12129,341.7,38.7,0.0
12131,245.8,50.2,0.0
12133,251.8,65.0,0.0
13001,368.8,59.7,0.0
13003,289.5,36.2,0.0
13005,365.5,8.9,0.0
13007,299.3,0.0,0.0
13009,556.1,160.7,2.2
13011,119.5,16.3,0.0
13013,375.1,64.4,0.0
13015,370.3,79.0,6.9
13017,747.9,177.0,0.0
13019,304.5,42.0,0.0
13021,316.71,354.8,3.9
13023,555.9,140.9,0.0
13025,256.9,27.3,0.0
13027,457.6,103.1,0.0
13029,389.1,72.4,0.0
13031,957.7,169.9,11.2
13033,501.7,96.0,4.4
13035,329.6,64.2,0.0
13037,459.9,92.0,0.0
13039,330.3,66.1,0.0
13043,320.0,54.9,18.3
13045,653.3,178.0,1.8
13047,229.7,72.0,1.5
13049,430.0,83.0,0.0
13051,796.2,202.9,4.0
13053,654.1,116.8,0.0
13055,314.3,47.7,0.0
13057,200.8,24.4,3.1
13059,813.1,169.1,4.1
13061,755.3,0.0,0.0
13063,778.5,230.5,30.3
13065,927.2,88.3,14.7
13067,390.1,89.5,11.7
13069,453.5,48.6,6.9
13071,322.0,71.3,4.3
13073,162.5,30.3,5.9
13075,468.8,87.9,5.9
13077,255.3,69.8,2.3
13079,199.9,40.0,0.0
13081,587.1,141.4,8.6
13083,145.4,48.5,0.0
13085,145.5,13.2,0.0
13087,858.9,175.4,0.0
13089,642.5,196.5,33.9
13091,443.0,103.7,0.0
13093,398.5,48.9,14.0
13095,316.71,209.7,30.1
13097,500.1,112.2,6.6
13099,929.6,237.1,0.0
13101,147.9,0.0,0.0
13103,361.8,51.4,0.0
13105,454.1,132.7,0.0
13107,782.8,227.4,4.4
13109,664.6,92.3,0.0
13111,105.2,12.6,0.0
13113,257.5,37.8,1.8
13115,471.7,132.5,4.2
13117,97.7,11.8,0.5
13119,395.3,104.5,0.0
13121,668.0,260.1,43.6
13123,147.0,38.5,0.0
13125,193.4,64.5,0.0
13127,451.5,166.9,2.5
13129,234.9,98.6,1.8
13131,490.5,98.9,0.0
13133,471.8,128.7,0.0
13135,341.7,64.0,11.2
13137,198.6,34.6,0.0
13139,267.9,37.3,1.6
13141,687.0,225.3,0.0
13143,263.2,84.2,0.0
13145,168.4,39.8,3.1
13147,204.4,78.6,0.0
13149,199.0,34.6,0.0
13151,447.6,86.7,3.8
13153,584.5,155.1,3.4
13155,530.4,127.3,0.0
13157,247.4,32.8,3.3
13159,338.2,51.5,0.0
13161,453.2,33.3,0.0
13163,876.2,128.7,6.1
13165,561.0,107.9,0.0
13167,460.7,71.7,0.0
13169,122.5,17.5,0.0
13171,384.2,105.8,0.0
13173,374.7,38.4,0.0
13175,616.7,135.4,6.3
13177,282.1,37.8,3.4
13179,634.6,157.5,1.6
13181,309.6,51.6,0.0
13183,264.7,18.0,0.0
13185,842.2,221.4,15.1
13187,165.0,12.9,0.0
13189,862.5,213.3,4.6
13191,292.7,128.5,0.0
13193,456.8,142.8,7.1
13195,317.2,53.5,0.0
13197,428.2,69.4,0.0
13199,438.0,150.7,4.7
13201,590.0,84.3,0.0
13205,668.3,134.5,0.0
13207,348.4,107.5,0.0
13209,487.8,77.6,0.0
13211,382.4,39.4,0.0
13213,236.8,84.0,0.0
13215,784.4,251.9,9.9
13217,563.2,138.6,11.7
13219,226.2,32.3,5.9
13221,206.2,55.0,0.0
13223,192.6,38.1,4.8
13225,829.2,207.3,14.8
13227,114.9,13.5,0.0
13229,332.7,37.0,5.3
13231,252.9,39.3,0.0
13233,356.9,51.0,2.4
13235,511.2,86.6,0.0
13237,453.9,74.9,0.0
13239,507.0,126.7,42.2
13241,215.6,73.9,0.0
13243,597.5,180.6,0.0
13245,844.0,258.4,20.3
13247,586.8,157.6,6.9
13249,176.9,0.0,0.0
13251,540.7,98.3,0.0
13253,547.8,100.6,0.0
13255,462.2,156.7,0.0
13257,482.8,218.0,0.0
13259,443.1,153.4,0.0
13261,870.4,178.5,3.2
13263,325.3,62.0,0.0
13265,645.9,293.6,0.0
13267,372.2,121.4,0.0
13269,543.5,94.5,0.0
13271,427.9,180.8,0.0
13273,975.4,221.7,11.1
13275,824.6,187.2,15.6
13277,613.1,101.8,5.0
13279,696.7,209.0,3.7
13281,232.1,0.0,0.0
13283,491.7,134.1,0.0
13285,724.1,267.9,1.4
13287,811.4,36.9,0.0
13289,377.3,47.2,0.0
13291,74.2,9.3,0.0
13293,312.4,86.6,0.0
13295,165.7,44.0,0.0
13297,351.0,72.3,0.0
13299,784.1,196.0,0.0
13301,701.7,215.9,0.0
13303,759.3,120.9,0.0
13305,418.9,126.3,3.3
13307,662.0,183.9,0.0
13309,328.7,25.3,0.0
13311,68.4,18.0,0.0
13313,317.6,57.3,2.9
13315,379.5,44.6,22.3
13317,619.4,149.9,0.0
13319,530.1,63.6,0.0
13321,291.2,32.9,9.4
15001,377.3,20.4,1.6
15003,507.8,94.0,5.8
15005,0.0,0.0,0.0
15007,250.3,33.1,0.0
15009,329.6,21.2,5.0
16001,367.1,49.2,1.0
16003,78.4,0.0,0.0
16005,364.0,24.0,0.0
16007,168.3,0.0,0.0
16009,309.6,11.1,0.0
16011,220.8,15.5,0.0
16013,192.2,9.4,4.7
16015,161.9,14.7,0.0
16017,233.4,14.7,0.0
16019,254.8,10.2,3.7
16021,138.2,0.0,0.0
16023,37.9,37.9,0.0
16025,479.8,96.0,0.0
16027,485.7,33.2,0.5
16029,73.4,0.0,0.0
16031,231.5,17.1,0.0
16033,115.3,0.0,0.0
16035,291.5,11.7,0.0
16037,70.6,0.0,0.0
16039,458.5,30.6,0.0
16041,93.4,7.8,0.0
16043,54.2,23.2,0.0
16045,245.7,0.0,0.0
16047,318.3,13.3,0.0
16049,148.9,0.0,0.0
16051,126.3,3.7,0.0
16053,386.4,26.7,0.0
16055,408.3,22.2,1.4
16057,443.8,34.1,0.0
16059,116.7,0.0,0.0
16061,205.0,51.3,0.0
16063,526.8,18.8,0.0
16065,40.1,2.7,0.0
16067,305.5,14.8,0.0
16069,468.5,17.5,0.0
16071,93.6,0.0,0.0
16073,313.8,0.0,0.0
16075,225.6,0.0,0.0
16077,129.6,13.0,0.0
16079,394.0,0.0,0.0
16081,77.9,9.7,0.0
16083,434.0,42.5,0.0
16085,145.7,0.0,0.0
16087,120.7,10.1,0.0
17001,305.4,49.2,0.0
17003,852.0,222.8,0.0
17005,223.2,17.2,0.0
17007,220.5,9.3,1.9
17009,247.8,14.6,0.0
17011,149.8,23.5,2.9
17013,158.1,19.8,0.0
17015,281.7,20.1,0.0
17017,240.2,37.5,0.0
17019,608.6,185.5,0.5
17021,177.9,29.2,0.0
17023,222.5,18.5,0.0
17025,339.1,7.4,0.0
17027,250.6,26.4,0.0
17029,594.1,46.6,1.9
17031,713.1,198.2,13.8
17033,256.3,10.3,0.0
17035,228.5,18.3,0.0
17037,450.6,68.7,0.0
17039,231.4,12.2,0.0
17041,196.1,10.1,0.0
17043,220.6,26.0,2.0
17045,217.1,0.0,0.0
17047,149.9,0.0,0.0
17049,221.5,14.6,0.0
17051,145.1,4.5,0.0
17053,108.4,14.5,0.0
17055,265.3,66.3,0.0
17057,239.4,22.0,0.0
17059,240.1,36.9,0.0
17061,234.8,7.3,0.0
17063,155.3,21.9,0.0
17065,251.0,12.0,0.0
17067,204.1,10.7,0.0
17069,239.2,0.0,0.0
17071,157.4,0.0,0.0
17073,260.7,24.1,2.0
17075,86.3,13.8,3.5
17077,316.71,160.5,10.0
17079,218.9,10.4,20.9
17081,349.3,69.9,2.6
17083,194.3,22.1,0.0
17085,174.1,31.2,0.0
17087,284.0,47.3,0.0
17089,326.2,45.5,2.3
17091,585.1,115.1,1.8
17093,219.5,28.5,0.8
17095,439.7,92.2,1.9
17097,403.4,57.6,1.7
17099,254.9,57.9,1.8
17101,217.4,6.0,0.0
17103,338.5,25.8,0.0
17105,188.6,15.7,0.0
17107,577.4,73.4,0.0
17109,699.2,70.8,0.0
17111,180.5,13.0,1.0
17113,512.5,81.9,1.7
17115,760.4,309.3,3.7
17117,238.9,32.0,0.0
17119,401.2,76.0,0.0
17121,494.5,33.7,0.0
17123,320.9,41.1,0.0
17125,217.6,0.0,0.0
17127,364.9,46.4,0.0
17129,190.4,47.6,0.0
17131,278.2,18.5,0.0
17133,164.2,14.9,3.0
17135,205.7,13.5,0.0
17137,424.9,102.7,0.0
17139,309.2,13.4,0.0
17141,253.9,26.7,0.0
17143,786.5,238.8,0.5
17145,292.4,27.4,0.0
17147,255.6,12.2,0.0
17149,247.7,18.6,6.2
17151,765.3,92.8,0.0
17153,541.6,101.6,0.0
17155,241.3,0.0,0.0
17157,167.2,24.3,3.0
17159,284.3,37.1,0.0
17161,483.5,53.6,6.1
17163,746.9,235.6,6.0
17165,433.1,32.1,0.0
17167,553.4,179.8,7.0
17169,80.6,13.4,0.0
17171,229.8,76.6,0.0
17173,140.2,9.0,0.0
17175,237.0,16.9,0.0
17177,564.8,122.0,4.3
17179,285.3,33.7,0.0
17181,318.5,28.4,0.0
17183,560.2,215.4,2.5
17185,240.0,42.9,0.0
17187,225.7,16.9,0.0
17189,186.9,6.9,0.0
17191,198.7,0.0,6.0
17193,213.1,13.7,0.0
17195,295.4,34.7,0.0
17197,341.2,53.6,1.8
17199,322.8,32.9,3.0
17201,585.2,152.8,1.0
17203,160.4,35.6,0.0
18001,124.2,17.3,0.0
18003,514.6,151.8,1.1
18005,294.0,70.4,1.3
18007,365.0,57.0,0.0
18009,240.4,24.0,0.0
18011,239.8,13.2,5.0
18013,73.2,0.0,0.0
18015,114.5,10.0,0.0
18017,330.2,18.2,0.0
18019,354.2,82.3,1.8
18021,291.0,7.5,0.0
18023,352.4,27.3,0.0
18025,169.5,9.4,0.0
18027,320.9,30.9,0.0
18029,176.3,34.1,2.0
18031,163.6,11.4,0.0
18033,144.2,35.5,0.0
18035,578.0,118.3,2.6
18037,240.8,33.0,0.0
18039,421.3,100.7,0.5
18041,322.7,41.9,0.0
18043,409.2,85.3,1.3
18045,308.1,29.6,0.0
18047,156.9,4.4,0.0
18049,200.5,19.6,0.0
18051,300.5,65.5,0.0
18053,523.7,104.2,0.0
18055,189.1,24.4,6.1
18057,190.1,27.3,1.7
18059,233.3,33.5,0.0
18061,270.7,20.4,0.0
18063,200.2,39.6,1.9
18065,236.5,30.6,2.0
18067,329.9,87.0,1.2
18069,252.8,19.0,0.0
18071,269.2,43.7,0.0
18073,143.8,3.0,6.0
18075,239.1,18.8,0.0
18077,271.1,49.3,0.0
18079,315.1,24.8,0.0
18081,270.0,56.3,0.7
18083,379.4,34.3,0.0
18085,198.8,62.9,1.3
18087,60.5,7.9,0.0
18089,518.7,121.5,4.9
18091,310.0,80.9,0.9
18093,303.2,10.9,2.2
18095,310.4,68.2,0.0
18097,316.71,363.5,10.3
18099,142.2,6.4,0.0
18101,137.8,19.7,0.0
18103,279.5,41.5,0.0
18105,543.4,66.2,0.7
18107,275.0,26.2,0.0
18109,295.2,30.1,1.4
18111,149.1,14.2,0.0
18113,250.2,46.2,4.2
18115,166.8,16.7,0.0
18117,323.7,30.3,0.0
18119,127.4,14.2,0.0
18121,412.7,40.7,0.0
18123,194.3,30.7,0.0
18125,283.8,31.5,0.0
18127,240.8,25.2,0.0
18129,137.3,19.6,0.0
18131,146.1,7.7,0.0
18133,282.6,5.3,0.0
18135,249.7,39.0,0.0
18137,267.4,35.2,0.0
18139,252.9,23.5,5.9
18141,312.0,84.7,0.4
18143,262.8,62.6,0.0
18145,301.8,38.0,0.0
18147,171.9,43.0,0.0
18149,103.5,4.3,0.0
18151,186.3,34.9,0.0
18153,226.2,4.7,0.0
18155,152.0,28.5,0.0
18157,462.9,86.6,2.8
18159,115.0,31.9,0.0
18161,151.2,13.7,0.0
18163,599.2,207.8,1.7
18165,163.7,0.0,0.0
18167,391.5,74.8,0.0
18169,182.3,12.4,0.0
18171,237.7,35.7,0.0
18173,219.5,37.7,0.0
18175,252.0,39.6,0.0
18177,419.8,166.4,0.0
18179,197.7,21.6,0.0
18181,233.0,12.3,0.0
18183,144.2,15.0,0.0
19001,93.7,26.8,0.0
19003,308.2,0.0,0.0
19005,232.9,14.1,0.0
19007,323.0,31.5,0.0
19009,221.4,0.0,0.0
19011,256.8,15.6,0.0
19013,615.6,149.4,3.0
19015,246.5,15.2,11.4
19017,207.1,12.2,0.0
19019,243.1,38.1,0.0
19021,350.1,19.4,0.0
19023,159.8,0.0,0.0
19025,181.3,10.1,0.0
19027,213.6,34.0,4.9
19029,264.7,7.4,0.0
19031,174.0,10.9,0.0
19033,195.1,13.8,2.3
19035,192.5,0.0,0.0
19037,202.9,8.1,0.0
19039,332.4,0.0,0.0
19041,321.4,0.0,0.0
19043,174.4,11.3,0.0
19045,363.5,97.1,4.1
19047,447.4,17.2,0.0
19049,250.5,25.5,1.3
19051,136.5,0.0,0.0
19053,442.5,12.3,0.0
19055,239.5,11.4,0.0
19057,449.6,34.6,0.0
19059,200.5,5.9,5.9
19061,412.8,86.7,1.0
19063,280.1,10.0,0.0
19065,195.1,9.8,0.0
19067,229.9,12.4,6.2
19069,322.3,9.5,9.5
19071,282.5,0.0,0.0
19073,317.3,10.9,0.0
19075,178.7,8.1,0.0
19077,205.9,28.1,0.0
19079,176.3,6.5,0.0
19081,162.2,18.0,0.0
19083,183.5,22.9,0.0
19085,332.6,27.7,0.0
19087,222.5,29.7,0.0
19089,251.9,10.5,0.0
19091,165.2,10.3,0.0
19093,224.1,0.0,0.0
19095,183.7,6.1,0.0
19097,194.0,25.5,0.0
19099,253.8,30.0,0.0
19101,196.3,5.9,0.0
19103,522.4,58.9,3.6
19105,198.9,19.4,0.0
19107,183.9,19.4,0.0
19109,176.2,6.5,0.0
19111,319.5,25.2,0.0
19113,492.3,50.0,1.9
19115,221.6,0.0,0.0
19117,251.5,0.0,0.0
19119,85.4,0.0,0.0
19121,103.6,25.9,0.0
19123,343.5,58.0,4.5
19125,249.6,24.1,3.0
19127,356.1,34.2,2.4
19129,228.2,33.6,6.7
19131,205.4,0.0,0.0
19133,285.1,21.9,0.0
19135,174.7,0.0,0.0
19137,182.3,28.8,0.0
19139,364.2,28.0,2.3
19141,185.1,0.0,0.0
19143,161.0,16.1,0.0
19145,369.1,12.7,0.0
19147,141.5,21.8,0.0
19149,216.4,12.0,8.0
19151,111.8,28.0,0.0
19153,509.4,86.8,4.4
19155,460.5,96.0,2.2
19157,301.1,10.8,0.0
19159,216.9,19.7,0.0
19161,139.0,0.0,0.0
19163,538.8,67.5,9.4
19165,167.2,33.4,0.0
19167,133.2,11.6,0.0
19169,452.4,33.5,0.0
19171,324.3,62.6,0.0
19173,162.3,16.2,0.0
19175,341.7,31.8,0.0
19177,215.2,0.0,0.0
19179,649.9,70.6,0.0
19181,234.5,6.3,0.0
19183,177.2,13.6,0.0
19185,93.7,0.0,0.0
19187,499.4,121.5,0.0
19189,180.0,0.0,0.0
19191,157.2,9.5,0.0
19193,564.0,156.7,2.0
19195,79.6,13.3,0.0
19197,215.8,30.8,0.0
20001,274.3,15.2,0.0
20003,202.6,50.7,0.0
20005,304.5,11.9,0.0
20007,161.7,0.0,20.2
20009,381.7,10.9,0.0
20011,168.3,26.9,0.0
20013,230.1,10.0,0.0
20015,234.0,33.4,0.0
20017,148.1,0.0,0.0
20019,112.6,0.0,0.0
20021,295.5,14.3,0.0
20023,37.1,74.2,0.0
20025,228.0,0.0,0.0
20027,178.4,11.9,0.0
20029,290.6,43.0,0.0
20031,107.0,0.0,0.0
20033,51.2,0.0,0.0
20035,245.8,71.8,0.0
20037,320.8,22.9,0.0
20039,136.5,0.0,0.0
20041,214.2,61.2,0.0
20043,216.5,38.2,0.0
20045,543.2,81.3,2.6
20047,203.7,0.0,0.0
20049,113.0,0.0,0.0
20051,447.3,24.1,3.4
20053,171.9,15.6,0.0
20055,506.8,35.0,0.0
20057,364.7,25.8,0.0
20059,388.5,27.2,0.0
20061,580.5,168.5,0.0
20063,108.3,0.0,0.0
20065,38.6,0.0,0.0
20067,327.0,12.6,0.0
20069,99.9,0.0,0.0
20071,310.1,0.0,77.5
20073,202.4,31.1,0.0
20075,230.0,0.0,0.0
20077,392.5,0.0,0.0
20079,250.4,43.2,0.0
20081,217.3,24.1,0.0
20083,256.4,51.3,0.0
20085,254.4,37.4,0.0
20087,170.1,31.9,0.0
20089,131.3,0.0,0.0
20091,273.8,33.0,1.2
20093,229.4,0.0,0.0
20095,191.2,25.5,0.0
20097,79.3,0.0,0.0
20099,200.8,43.0,0.0
20101,0.0,0.0,0.0
20103,363.2,65.2,2.6
20105,63.6,31.8,0.0
20107,157.6,10.5,0.0
20109,71.5,0.0,0.0
20111,396.9,26.9,6.0
20113,209.7,30.4,3.4
20115,147.3,16.4,0.0
20117,279.9,0.0,0.0
20119,92.1,46.1,0.0
20121,201.0,15.2,3.0
20123,109.8,0.0,0.0
20125,312.0,52.5,2.9
20127,191.6,0.0,17.4
20129,190.9,0.0,0.0
20131,88.6,59.0,0.0
20133,219.1,18.3,6.1
20135,97.6,0.0,0.0
20137,71.1,0.0,0.0
20139,241.6,24.8,0.0
20141,104.8,0.0,0.0
20143,182.1,16.6,0.0
20145,502.1,28.7,0.0
20147,162.5,18.1,0.0
20149,136.6,13.2,0.0
20151,313.8,10.1,0.0
20153,270.4,0.0,0.0
20155,358.3,77.9,0.0
20157,186.7,0.0,0.0
20159,209.8,49.9,0.0
20161,594.2,74.3,1.3
20163,211.9,38.5,0.0
20165,94.2,0.0,0.0
20167,216.4,14.4,0.0
20169,427.0,102.3,1.8
20171,139.0,19.9,0.0
20173,539.2,205.2,2.4
20175,397.6,42.8,0.0
20177,501.0,204.7,3.9
20179,0.0,0.0,0.0
20181,196.2,16.4,0.0
20183,27.0,0.0,0.0
20185,229.4,22.9,0.0
20187,91.2,0.0,0.0
20189,257.9,0.0,0.0
20191,224.7,50.9,0.0
20193,314.5,25.2,0.0
20195,402.7,0.0,0.0
20197,269.5,14.2,0.0
20199,0.0,0.0,0.0
20201,195.4,17.8,0.0
20203,91.2,0.0,0.0
20205,219.7,11.0,0.0
20207,279.4,0.0,0.0
20209,726.4,202.6,10.6
21001,245.6,32.0,0.0
21003,182.2,19.7,0.0
21005,284.3,18.3,0.0
21007,432.1,36.0,0.0
21009,285.9,46.5,0.0
21011,209.0,41.8,0.0
21013,236.7,10.8,0.0
21015,333.5,87.6,2.4
21017,285.0,60.0,0.0
21019,290.5,65.5,2.0
21021,468.8,75.8,0.0
21023,392.1,0.0,0.0
21025,88.6,14.8,0.0
21027,259.5,15.0,0.0
21029,223.8,32.5,2.6
21031,164.2,23.5,0.0
21033,311.9,93.6,0.0
21035,581.6,63.7,0.0
21037,371.5,96.7,3.3
21039,220.0,0.0,0.0
21041,310.4,27.4,9.1
21043,117.6,22.1,3.7
21045,217.8,43.6,0.0
21047,618.9,222.5,0.0
21049,471.7,157.2,0.0
21051,140.4,4.7,0.0
21053,236.5,19.7,0.0
21055,226.9,10.8,0.0
21057,162.0,14.7,0.0
21059,476.5,116.1,0.0
21061,248.7,8.3,8.3
21063,91.7,0.0,0.0
21065,179.5,6.9,0.0
21067,530.1,183.8,9.1
21069,275.7,27.6,0.0
21071,255.6,5.2,0.0
21073,586.1,82.6,4.0
21075,626.5,219.3,0.0
21077,200.6,59.0,0.0
21079,283.8,17.7,0.0
21081,303.0,40.4,0.0
21083,331.1,56.1,2.7
21085,200.0,3.8,3.8
21087,161.0,0.0,0.0
21089,106.8,19.2,0.0
21091,241.7,11.5,0.0
21093,405.8,99.8,0.0
21095,119.3,14.0,0.0
21097,243.0,48.6,0.0
21099,236.9,43.1,0.0
21101,403.5,118.7,4.3
21103,246.0,25.9,0.0
21105,252.9,42.1,0.0
21107,437.4,109.4,2.1
21109,89.4,7.4,0.0
21111,687.1,220.0,9.8
21113,211.3,63.8,8.0
21115,174.8,4.3,4.3
21117,432.7,154.5,5.5
21119,156.5,6.3,0.0
21121,361.7,22.0,3.1
21123,213.3,49.8,0.0
21125,238.4,10.1,3.4
21127,113.5,0.0,0.0
21129,110.2,13.8,0.0
21131,108.9,0.0,0.0
21133,144.0,8.5,0.0
21135,159.4,7.2,0.0
21137,385.7,45.1,4.1
21139,213.7,21.4,0.0
21141,193.5,55.8,0.0
21143,118.3,35.5,0.0
21145,477.3,139.2,0.0
21147,339.1,33.4,5.6
21149,105.3,10.5,0.0
21151,407.8,64.3,2.3
21153,92.7,7.7,0.0
21155,439.0,79.8,0.0
21157,241.1,12.9,6.4
21159,79.1,0.0,0.0
21161,358.8,138.9,0.0
21163,215.7,27.4,3.4
21165,604.3,63.6,15.9
21167,332.6,23.4,0.0
21169,170.3,0.0,0.0
21171,187.2,18.7,0.0
21173,356.0,80.7,3.7
21175,89.7,0.0,0.0
21177,468.3,35.3,0.0
21179,480.5,94.3,2.2
21181,397.8,28.4,0.0
21183,162.6,8.3,0.0
21185,178.0,30.5,0.0
21187,187.6,0.0,0.0
21189,107.4,0.0,0.0
21191,260.8,61.8,0.0
21193,132.1,10.7,0.0
21195,192.5,6.3,0.0
21197,320.2,32.0,0.0
21199,242.5,29.7,1.6
21201,313.2,44.7,0.0
21203,101.8,0.0,0.0
21205,544.1,38.3,4.3
21207,180.3,28.2,5.6
21209,422.4,66.1,2.0
21211,513.4,108.6,2.3
21213,337.2,56.2,0.0
21215,243.8,34.0,17.0
21217,215.0,56.8,0.0
21219,447.9,56.0,0.0
21221,363.8,91.0,0.0
21223,102.1,34.0,0.0
21225,316.71,146.4,0.0
21227,406.4,127.6,1.7
21229,336.8,33.7,0.0
21231,217.6,14.5,0.0
21233,386.6,44.6,0.0
21235,209.7,0.0,0.0
21237,262.1,27.6,0.0
21239,213.6,11.9,0.0
22001,458.2,170.4,3.2
22003,223.2,101.8,0.0
22005,379.4,74.3,1.7
22007,496.0,99.2,8.6
22009,455.2,145.3,2.4
22011,284.8,30.4,0.0
22013,736.7,257.5,7.2
22015,413.5,120.3,11.3
22017,316.71,339.4,28.6
22019,416.3,113.7,2.6
22021,440.5,150.2,10.0
22023,103.8,14.8,0.0
22025,273.5,87.9,0.0
22027,600.6,168.2,6.0
22029,352.2,102.7,0.0
22031,587.1,132.9,14.8
22033,648.9,219.0,16.4
22035,690.7,239.1,13.3
22037,461.3,136.9,5.1
22039,458.6,154.9,6.0
22041,510.4,106.9,9.7
22043,394.9,54.5,0.0
22045,818.9,299.1,13.5
22047,521.5,155.8,9.0
22049,533.8,211.0,6.2
22051,596.2,158.2,11.5
22053,386.6,137.4,3.2
22055,572.2,188.9,6.9
22057,481.8,111.2,13.4
22059,351.9,81.2,6.8
22061,782.5,263.6,12.7
22063,257.4,41.0,1.5
22065,316.71,368.9,0.0
22067,986.8,458.3,7.4
22069,316.71,250.4,15.3
22071,316.71,424.3,39.1
22073,316.71,451.9,23.7
22075,305.7,55.2,8.5
22077,382.2,102.2,0.0
22079,605.0,201.9,6.0
22081,316.71,337.3,45.0
22083,954.1,397.9,19.2
22085,425.0,94.9,0.0
22087,485.3,163.3,9.2
22089,439.0,85.5,9.5
22091,340.2,92.0,9.2
22093,565.5,193.1,9.2
22095,749.5,148.5,16.0
22097,609.9,172.6,7.2
22099,500.6,179.5,5.7
22101,620.1,171.8,7.5
22103,306.2,56.1,1.2
22105,522.3,120.4,6.4
22107,468.6,366.7,0.0
22109,743.2,153.4,16.9
22111,510.2,183.5,4.5
22113,383.1,97.9,6.8
22115,395.4,83.6,0.0
22117,473.9,118.5,0.0
22119,668.7,231.1,17.2
22121,447.6,134.3,4.1
22123,540.8,61.1,0.0
22125,336.7,58.3,6.5
22127,411.8,114.8,0.0
23001,484.2,63.2,0.9
23003,159.9,1.4,0.0
23005,289.7,21.0,1.4
23007,213.1,16.4,0.0
23009,164.1,3.6,0.0
23011,295.5,19.0,0.8
23013,129.0,7.6,0.0
23015,187.7,8.8,0.0
23017,218.2,1.7,0.0
23019,350.1,11.7,2.6
23021,210.2,0.0,0.0
23023,219.9,11.4,2.9
23025,228.2,9.7,1.9
23027,256.8,10.3,2.6
23029,155.3,15.5,6.2
23031,200.1,17.5,0.5
24001,353.6,62.6,0.0
24003,314.0,59.7,4.7
24005,419.2,86.0,5.6
24009,286.2,35.4,1.1
24011,324.2,48.9,0.0
24013,165.3,16.1,1.2
24015,254.1,68.7,3.9
24017,498.5,82.4,3.3
24019,759.3,208.2,0.0
24021,268.0,36.5,1.2
24023,190.7,16.7,0.0
24025,189.8,30.1,2.8
24027,235.1,34.8,3.0
24029,295.8,25.1,0.0
24031,269.2,41.0,3.0
24033,688.7,143.4,12.5
24035,183.4,35.0,0.0
24037,261.8,43.8,1.8
24039,570.9,175.1,3.8
24041,329.5,44.8,2.6
24043,303.5,105.6,3.3
24045,569.9,186.3,3.0
24047,414.6,83.3,0.0
24510,316.71,352.7,30.9
25001,98.1,14.0,3.3
25003,77.2,2.3,1.5
25005,244.6,58.6,4.0
25007,75.3,23.2,0.0
25009,343.8,29.1,2.4
25011,183.9,8.4,2.8
25013,508.2,47.7,4.1
25015,169.2,22.6,1.9
25017,239.2,38.2,4.3
25019,144.2,28.8,0.0
25021,290.2,75.0,4.7
25023,234.3,43.0,1.2
25025,498.6,144.3,11.4
25027,211.2,30.8,2.8
26001,141.8,0.0,0.0
26003,42.0,0.0,0.0
26005,250.6,26.7,2.7
26007,202.8,6.9,0.0
26009,184.0,0.0,0.0
26011,103.3,6.5,0.0
26013,138.0,0.0,0.0
26015,252.1,6.8,0.0
26017,280.8,21.5,0.9
26019,166.4,11.5,0.0
26021,505.0,67.6,2.6
26023,258.9,9.2,6.9
26025,653.3,138.5,3.0
26027,223.5,30.8,0.0
26029,164.6,11.5,0.0
26031,136.0,0.0,0.0
26033,232.6,2.6,0.0
26035,186.5,3.3,0.0
26037,230.7,16.9,0.0
26039,244.5,0.0,0.0
26041,222.2,8.1,0.0
26043,191.6,0.0,0.0
26045,371.0,67.4,0.9
26047,135.8,6.0,0.0
26049,705.9,186.8,2.2
26051,200.1,0.0,0.0
26053,194.8,12.6,0.0
26055,312.3,6.7,2.2
26057,219.2,19.1,0.0
26059,229.9,2.2,2.2
26061,115.9,8.3,0.0
26063,176.9,3.1,0.0
26065,606.6,143.1,3.5
26067,210.7,14.0,0.0
26069,153.4,3.9,0.0
26071,121.6,0.0,0.0
26073,318.0,21.3,1.4
26075,480.8,31.8,3.1
26077,778.7,250.1,3.1
26079,162.8,0.0,0.0
26081,579.9,136.6,1.4
26083,136.9,0.0,0.0
26085,298.6,35.1,0.0
26087,151.6,10.2,1.1
26089,193.1,4.6,0.0
26091,209.7,10.1,2.0
26093,146.9,14.1,1.6
26095,123.0,0.0,0.0
26097,153.7,0.0,0.0
26099,284.5,57.6,2.9
26101,143.1,8.2,0.0
26103,308.7,25.1,0.0
26105,188.8,24.5,0.0
26107,322.4,20.9,2.3
26109,176.5,12.6,0.0
26111,207.3,13.1,1.2
26113,179.4,6.6,6.6
26115,216.1,30.6,0.7
26117,237.7,19.0,0.0
26119,128.3,10.7,0.0
26121,700.0,150.9,2.3
26123,275.0,18.7,2.1
26125,283.4,49.8,5.8
26127,278.1,11.4,0.0
26129,164.8,4.7,0.0
26131,31.6,0.0,0.0
26133,206.4,4.3,0.0
26135,131.3,0.0,0.0
26137,244.5,4.1,0.0
26139,260.4,31.2,1.8
26141,107.2,0.0,0.0
26143,162.4,4.2,0.0
26145,586.1,160.8,2.0
26147,253.6,19.3,1.9
26149,247.7,11.5,0.0
26151,191.3,9.6,0.0
26153,109.1,12.1,0.0
26155,296.1,23.2,0.0
26157,206.4,14.7,0.0
26159,318.1,31.8,0.0
26161,400.0,73.4,6.5
26163,804.3,233.2,12.0
26165,303.3,3.1,0.0
27001,127.0,31.8,0.0
27003,315.7,50.7,3.2
27005,207.6,18.1,0.0
27007,407.3,56.9,2.2
27009,387.6,38.3,2.6
27011,58.6,0.0,0.0
27013,470.0,32.0,1.5
27015,161.9,3.9,3.9
27017,270.7,67.7,0.0
27019,152.8,14.7,1.0
27021,322.2,52.5,0.0
27023,206.7,24.8,0.0
27025,219.5,26.0,1.9
27027,334.6,70.9,0.0
27029,237.6,33.9,0.0
27031,76.9,19.2,0.0
27033,198.0,34.4,0.0
27035,207.3,28.5,0.0
27037,278.6,41.1,3.4
27039,314.5,9.8,0.0
27041,128.6,16.4,0.0
27043,126.8,0.0,0.0
27045,192.0,9.6,0.0
27047,277.9,25.8,0.0
27049,264.7,32.3,0.0
27051,116.9,0.0,16.7
27053,536.0,166.6,13.9
27055,122.3,0.0,0.0
27057,213.0,19.4,0.0
27059,230.3,20.9,0.0
27061,256.8,65.8,0.0
27063,165.7,19.5,0.0
27065,193.8,12.5,0.0
27067,292.4,25.9,0.0
27069,44.4,0.0,22.2
27071,113.6,15.1,0.0
27073,99.6,28.5,0.0
27075,167.0,0.0,0.0
27077,152.7,0.0,0.0
27079,133.0,14.4,0.0
27081,120.1,17.2,0.0
27083,156.9,35.3,0.0
27085,192.1,5.6,0.0
27087,253.1,144.6,0.0
27089,84.9,10.6,0.0
27091,235.0,19.6,0.0
27093,168.7,8.7,0.0
27095,274.8,61.9,0.0
27097,212.9,9.1,0.0
27099,297.5,53.4,0.0
27101,140.6,0.0,0.0
27103,196.8,36.3,0.0
27105,231.3,23.1,0.0
27107,30.2,45.2,0.0
27109,374.6,18.8,1.3
27111,119.8,15.6,0.0
27113,184.2,0.0,0.0
27115,264.6,13.7,0.0
27117,194.2,0.0,0.0
27119,256.6,44.3,0.0
27121,137.2,9.1,0.0
27123,540.3,147.3,7.6
27125,246.5,24.6,0.0
27127,146.1,12.7,0.0
27129,138.5,6.6,0.0
27131,241.4,10.8,0.0
27133,115.5,0.0,0.0
27135,103.1,0.0,0.0
27137,364.5,50.9,1.5
27139,217.2,30.6,1.5
27141,287.3,29.9,0.0
27143,185.8,0.0,0.0
27145,337.3,42.1,0.7
27147,279.7,8.2,2.7
27149,92.4,20.5,0.0
27151,83.8,21.0,0.0
27153,135.3,0.0,0.0
27155,203.2,0.0,0.0
27157,209.9,4.7,0.0
27159,152.1,36.2,0.0
27161,356.1,20.9,5.2
27163,232.8,25.5,1.2
27165,350.2,0.0,0.0
27167,122.0,45.8,0.0
27169,406.0,17.6,0.0
27171,171.2,11.7,3.1
27173,167.6,9.9,0.0
28001,729.2,174.5,3.1
28003,233.1,40.2,0.0
28005,379.9,54.3,15.5
28007,636.7,108.7,0.0
28009,431.7,81.7,0.0
28011,316.71,243.8,0.0
28013,624.4,169.7,0.0
28015,462.2,96.3,0.0
28017,727.9,104.0,5.8
28019,250.9,35.8,0.0
28021,0.0,0.0,0.0
28023,456.9,127.9,12.2
28025,632.1,279.3,4.9
28027,316.71,250.2,4.0
28029,316.71,228.2,17.3
28031,674.5,221.4,5.1
28033,441.0,53.5,4.2
28035,795.5,381.5,26.0
28037,706.1,138.7,12.6
28039,220.2,73.4,0.0
28041,365.1,140.4,7.0
28043,684.8,152.7,4.6
28045,294.1,68.0,2.2
28047,580.7,198.0,6.1
28049,316.71,415.3,21.6
28051,316.71,238.8,10.9
28053,316.71,156.9,0.0
28055,501.8,143.4,0.0
28057,0.0,0.0,0.0
28059,442.2,133.1,4.3
28061,704.3,194.3,0.0
28063,316.71,288.4,13.1
28065,828.6,217.6,25.1
28067,530.7,200.1,5.8
28069,621.7,136.0,9.7
28071,697.6,124.7,0.0
28073,326.5,103.7,6.8
28075,657.9,295.3,3.7
28077,591.3,119.9,8.0
28079,714.0,136.8,0.0
28081,689.0,201.5,1.2
28083,316.71,427.1,0.0
28085,626.3,137.9,2.9
28087,645.8,206.9,5.0
28089,512.9,133.5,6.0
28091,485.1,164.2,3.8
28093,780.5,164.3,2.7
28095,803.0,180.0,0.0
28097,957.1,180.0,0.0
28099,694.8,132.2,6.8
28101,622.4,216.7,9.2
28103,847.7,225.4,9.0
28105,736.1,197.8,20.4
28107,845.9,200.6,0.0
28109,355.9,96.2,1.8
28111,461.6,173.1,0.0
28113,852.2,282.4,10.0
28115,326.9,61.5,0.0
28117,323.0,94.5,3.9
28119,316.71,205.0,0.0
28121,365.2,85.2,4.1
28123,788.7,208.7,0.0
28125,316.71,361.1,0.0
28127,494.5,152.7,3.6
28129,425.3,172.6,0.0
28131,383.0,94.4,0.0
28133,316.71,278.6,7.1
28135,968.1,145.9,13.3
28137,468.8,123.4,0.0
28139,289.8,45.3,4.5
28141,281.6,5.1,0.0
28143,316.71,303.0,0.0
28145,309.9,39.6,0.0
28147,395.2,120.6,0.0
28149,742.5,331.8,8.3
28151,316.71,316.0,4.0
28153,603.7,160.7,0.0
28155,350.5,80.1,0.0
28157,586.3,127.9,10.7
28159,590.8,165.0,0.0
28161,630.4,145.5,0.0
28163,867.9,369.4,3.6
29001,273.7,31.3,3.9
29003,217.8,0.0,0.0
29005,183.5,0.0,0.0
29007,611.8,93.5,0.0
29009,185.5,14.1,0.0
29011,171.1,8.1,0.0
29013,175.2,6.0,0.0
29015,121.5,26.4,0.0
29017,88.1,16.0,0.0
29019,650.6,131.2,1.2
29021,541.1,62.5,1.1
29023,506.0,167.1,0.0
29025,186.9,55.0,0.0
29027,383.2,85.7,0.0
29029,164.2,29.6,2.3
29031,508.3,128.0,1.3
29033,263.0,0.0,0.0
29035,159.0,0.0,0.0
29037,319.9,43.7,3.0
29039,179.7,14.4,0.0
29041,157.3,26.2,0.0
29043,228.7,30.9,0.0
29045,173.7,14.5,0.0
29047,379.2,81.1,6.5
29049,228.5,19.4,4.9
29051,606.3,147.3,0.0
29053,340.0,28.3,5.7
29055,215.9,12.2,0.0
29057,237.5,39.6,0.0
29059,187.5,60.5,0.0
29061,156.7,0.0,0.0
29063,148.0,23.4,0.0
29065,158.9,25.4,0.0
29067,118.4,7.4,0.0
29069,365.8,119.8,0.0
29071,226.9,21.6,0.0
29073,349.0,20.1,0.0
29075,88.6,0.0,0.0
29077,526.6,144.8,2.1
29079,318.7,19.3,0.0
29081,114.4,0.0,0.0
29083,217.6,49.9,0.0
29085,182.7,32.2,0.0
29087,131.3,0.0,0.0
29089,370.5,58.5,0.0
29091,257.5,22.3,2.5
29093,222.4,0.0,0.0
29095,745.7,258.4,25.4
29097,438.2,34.4,0.9
29099,237.6,18.5,0.9
29101,569.9,75.1,0.0
29103,221.3,0.0,0.0
29105,207.5,36.4,0.0
29107,242.8,42.5,0.0
29109,220.0,18.3,2.6
29111,246.3,0.0,0.0
29113,226.5,29.7,1.9
29115,234.5,24.3,0.0
29117,262.3,13.4,0.0
29119,350.2,48.8,0.0
29121,186.6,45.0,0.0
29123,128.7,8.0,0.0
29125,122.0,0.0,0.0
29127,373.7,83.0,0.0
29129,0.0,27.1,0.0
29131,263.0,31.9,0.0
29133,350.1,119.0,0.0
29135,228.6,44.5,0.0
29137,182.4,11.4,0.0
29139,225.7,25.1,0.0
29141,187.5,54.3,0.0
29143,430.2,201.5,0.0
29145,321.2,25.5,0.0
29147,451.4,30.1,4.3
29149,54.6,9.1,0.0
29151,131.5,7.3,0.0
29153,52.3,0.0,10.5
29155,634.0,252.5,0.0
29157,230.7,36.7,0.0
29159,367.3,101.9,0.0
29161,283.4,44.6,2.2
29163,198.2,0.0,0.0
29165,324.7,53.6,1.1
29167,245.4,42.0,0.0
29169,634.4,91.2,0.0
29171,225.6,0.0,0.0
29173,117.7,19.6,0.0
29175,268.6,28.1,0.0
29177,178.0,47.7,0.0
29179,121.2,15.2,0.0
29181,242.3,28.5,0.0
29183,256.0,29.7,1.6
29185,189.7,21.1,0.0
29186,225.0,22.5,0.0
29187,314.1,42.3,3.0
29189,535.2,172.7,4.5
29195,365.6,12.9,0.0
29197,252.4,22.9,0.0
29199,142.2,0.0,0.0
29201,458.1,119.6,0.0
29203,120.5,12.1,0.0
29205,226.6,48.6,0.0
29207,285.4,53.7,0.0
29209,185.3,35.1,0.0
29211,263.6,0.0,0.0
29213,265.0,74.7,1.9
29215,187.2,11.7,0.0
29217,300.7,9.5,4.8
29219,306.1,24.2,0.0
29221,182.7,7.9,0.0
29223,164.1,29.8,0.0
29225,202.9,54.8,0.0
29227,95.7,0.0,0.0
29229,162.4,5.4,0.0
29510,316.71,486.2,25.8
30001,396.1,0.0,0.0
30003,316.71,253.0,0.0
30005,681.4,60.6,0.0
30007,210.8,17.6,0.0
30009,67.7,0.0,0.0
30011,85.2,0.0,0.0
30013,548.7,29.1,0.0
30015,51.3,0.0,0.0
30017,468.6,0.0,0.0
30019,111.7,0.0,0.0
30021,264.7,0.0,0.0
30023,407.3,10.7,0.0
30025,129.9,0.0,0.0
30027,147.8,0.0,0.0
30029,321.3,8.6,5.4
30031,367.4,10.6,0.0
30033,77.5,0.0,0.0
30035,316.71,232.9,0.0
30037,116.4,0.0,0.0
30039,223.1,0.0,0.0
30041,651.9,48.3,0.0
30043,251.9,8.7,0.0
30045,0.0,0.0,0.0
30047,523.8,162.0,0.0
30049,349.0,6.1,0.0
30051,168.8,0.0,0.0
30053,138.7,10.3,0.0
30055,0.0,0.0,0.0
30057,116.7,13.0,0.0
30059,51.6,51.6,0.0
30061,163.7,0.0,0.0
30063,491.9,19.7,0.0
30065,129.6,0.0,0.0
30067,184.9,12.8,0.0
30069,0.0,0.0,0.0
30071,239.3,0.0,0.0
30073,128.8,0.0,0.0
30075,228.8,57.2,0.0
30077,228.8,42.9,0.0
30079,84.8,0.0,0.0
30081,196.0,7.3,0.0
30083,294.3,26.8,0.0
30085,316.71,844.9,9.0
30087,316.71,182.2,0.0
30089,237.6,17.6,0.0
30091,463.5,0.0,0.0
30093,367.9,8.7,0.0
30095,246.8,10.7,0.0
30097,27.3,0.0,0.0
30099,82.4,0.0,0.0
30101,155.7,0.0,0.0
30103,571.4,142.9,0.0
30105,183.5,52.4,0.0
30107,93.7,0.0,0.0
30109,89.2,0.0,0.0
30111,450.2,65.5,1.3
31001,275.2,25.3,0.0
31003,31.0,0.0,0.0
31005,0.0,0.0,0.0
31007,131.8,0.0,0.0
31009,0.0,0.0,0.0
31011,129.9,18.6,0.0
31013,141.5,17.7,0.0
31015,0.0,0.0,0.0
31017,102.5,0.0,0.0
31019,430.1,18.8,2.1
31021,121.7,15.2,0.0
31023,144.4,12.0,0.0
31025,165.6,11.8,0.0
31027,57.4,11.5,0.0
31029,75.0,0.0,0.0
31031,172.8,69.1,0.0
31033,128.8,9.9,0.0
31035,125.2,15.6,0.0
31037,268.6,28.8,0.0
31039,55.6,0.0,0.0
31041,129.7,0.0,0.0
31043,377.1,28.6,0.0
31045,418.1,11.0,0.0
31047,256.1,16.5,4.1
31049,51.6,0.0,0.0
31051,102.5,0.0,0.0
31053,325.9,24.6,2.7
31055,734.1,195.8,7.4
31057,50.5,0.0,0.0
31059,140.4,17.6,0.0
31061,32.4,0.0,0.0
31063,73.8,0.0,0.0
31065,287.8,0.0,0.0
31067,201.2,13.7,0.0
31069,210.3,0.0,0.0
31071,147.4,0.0,0.0
31073,253.5,0.0,0.0
31075,0.0,0.0,0.0
31077,40.1,0.0,0.0
31079,385.4,16.5,0.0
31081,131.7,0.0,0.0
31083,56.9,0.0,0.0
31085,102.5,0.0,0.0
31087,139.3,0.0,0.0
31089,162.7,0.0,0.0
31091,0.0,0.0,0.0
31093,157.4,0.0,0.0
31095,79.4,26.5,0.0
31097,19.4,0.0,0.0
31099,183.3,0.0,0.0
31101,73.8,0.0,0.0
31103,126.6,0.0,0.0
31105,189.1,54.0,0.0
31107,151.8,35.0,0.0
31109,494.6,78.1,1.7
31111,305.1,69.3,0.0
31113,131.1,0.0,0.0
31115,0.0,0.0,0.0
31117,190.1,0.0,0.0
31119,365.7,31.2,0.0
31121,115.4,12.8,0.0
31123,81.5,20.4,0.0
31125,165.6,27.6,0.0
31127,167.7,14.0,0.0
31129,113.3,45.3,0.0
31131,273.0,12.7,0.0
31133,110.7,36.9,0.0
31135,0.0,0.0,0.0
31137,119.4,0.0,0.0
31139,55.9,0.0,0.0
31141,240.0,18.5,0.0
31143,113.7,0.0,0.0
31145,263.5,0.0,0.0
31147,184.6,12.3,0.0
31149,0.0,0.0,0.0
31151,305.2,20.8,0.0
31153,0.0,0.0,0.0
31155,186.3,19.1,0.0
31157,328.4,38.0,2.7
31159,58.5,17.6,0.0
31161,38.1,57.1,19.0
31163,64.4,0.0,0.0
31165,0.0,0.0,0.0
31167,48.9,0.0,0.0
31169,38.5,0.0,0.0
31171,286.1,0.0,0.0
31173,797.7,72.5,0.0
31175,95.4,47.7,0.0
31177,212.6,29.7,0.0
31179,403.8,21.3,0.0
31181,135.6,0.0,0.0
31183,0.0,0.0,0.0
31185,180.1,36.0,0.0
32001,369.9,41.6,12.5
32003,467.7,130.8,15.7
32005,176.2,12.7,0.0
32007,242.4,61.1,0.0
32009,120.2,120.2,0.0
32011,48.2,0.0,0.0
32013,236.1,34.6,0.0
32015,232.1,33.2,0.0
32017,19.1,19.1,0.0
32019,271.5,27.2,1.9
32021,325.1,0.0,0.0
32023,148.9,14.2,7.1
32027,14.5,0.0,0.0
32029,0.0,0.0,0.0
32031,352.3,98.2,6.5
32033,268.5,19.9,0.0
32510,395.7,51.8,7.4
33001,265.9,6.6,0.0
33003,136.8,6.3,0.0
33005,309.4,20.9,0.0
33007,168.8,3.1,0.0
33009,239.9,10.0,2.2
33011,320.1,21.0,3.0
33013,304.4,14.3,1.4
33015,209.9,15.7,5.3
33017,289.7,25.7,1.6
33019,293.1,18.6,4.7
34001,463.3,103.3,2.2
34003,169.3,22.9,3.0
34005,314.7,75.0,2.0
34007,512.0,183.5,5.8
34009,285.7,50.1,0.0
34011,627.3,162.7,2.5
34013,701.9,191.6,6.8
34015,275.3,74.4,2.4
34017,397.4,81.6,10.9
34019,125.1,12.7,2.4
34021,456.5,129.9,1.9
34023,261.1,30.2,0.8
34025,207.7,30.7,2.1
34027,128.2,17.0,1.2
34029,155.8,14.9,0.7
34031,501.5,127.9,4.4
34033,305.4,46.0,3.1
34035,190.6,28.7,2.1
34037,121.9,8.2,0.7
34039,367.2,61.5,2.6
34041,179.7,20.5,0.9
35001,604.3,151.6,9.8
35003,55.4,55.4,0.0
35005,560.6,57.7,0.0
35006,402.4,84.1,3.7
35007,328.4,7.6,0.0
35009,628.5,239.1,7.9
35011,104.9,52.4,0.0
35013,665.7,108.2,4.2
35015,456.1,126.2,1.8
35017,514.9,112.5,0.0
35019,571.3,22.0,0.0
35021,288.6,0.0,0.0
35023,343.8,85.9,0.0
35025,608.3,167.5,10.3
35027,194.0,24.9,0.0
35028,106.8,11.2,0.0
35029,657.0,52.7,4.1
35031,912.6,143.2,10.9
35033,403.9,42.5,0.0
35035,445.0,36.6,0.0
35037,473.3,92.4,0.0
35039,596.4,44.9,0.0
35041,696.6,190.4,5.0
35043,358.0,57.8,3.7
35045,615.8,91.7,4.0
35047,515.0,63.1,10.5
35049,420.6,45.4,4.7
35051,345.7,8.6,8.6
35053,585.8,45.5,0.0
35055,466.2,30.3,0.0
35057,292.7,38.2,12.7
35059,137.3,22.9,0.0
35061,464.1,83.9,6.6
36001,514.8,98.4,6.5
36003,222.4,16.6,0.0
36005,316.71,218.0,19.9
36007,364.0,49.6,3.0
36009,253.5,20.3,2.5
36011,303.2,21.4,0.0
36013,378.7,19.5,3.0
36015,344.6,27.1,1.1
36017,272.7,4.0,2.0
36019,402.0,33.1,3.7
36021,191.2,17.7,3.2
36023,373.7,26.5,10.2
36025,203.3,6.4,0.0
36027,279.9,43.1,2.0
36029,544.0,125.6,5.0
36031,152.2,7.7,0.0
36033,179.9,13.5,0.0
36035,337.1,20.2,1.8
36037,254.0,30.3,0.0
36039,321.9,18.6,12.4
36041,188.6,0.0,0.0
36043,236.8,26.5,1.6
36045,476.1,41.8,2.5
36047,686.1,157.8,13.4
36049,158.4,25.8,7.4
36051,174.6,6.2,9.3
36053,221.0,24.9,5.5
36055,552.3,154.5,4.5
36057,286.6,4.0,4.0
36059,257.1,35.1,3.8
36061,771.8,279.8,30.6
36063,390.7,87.3,1.4
36065,338.6,49.7,0.4
36067,570.3,171.4,8.5
36069,277.7,25.7,1.8
36071,313.1,54.0,2.4
36073,388.3,47.4,0.0
36075,384.6,22.3,0.8
36077,429.6,9.7,3.2
36079,147.5,13.0,1.0
36081,525.4,94.5,8.1
36083,389.6,57.5,6.3
36085,296.0,50.4,2.8
36087,230.9,24.0,1.2
36089,295.6,10.7,1.8
36091,216.6,17.0,0.9
36093,500.9,83.0,5.2
36095,292.0,3.1,6.3
36097,265.4,5.4,0.0
36099,358.7,14.1,0.0
36101,245.3,25.3,0.0
36103,237.2,37.1,3.5
36105,337.8,30.0,0.0
36107,228.9,19.9,6.0
36109,344.5,61.8,8.7
36111,269.6,35.4,1.1
36113,281.6,15.3,1.5
36115,220.3,6.3,0.0
36117,263.9,21.6,0.0
36119,338.6,48.4,4.1
36121,197.4,4.8,0.0
36123,202.7,8.0,0.0
37001,406.8,169.7,4.5
37003,192.3,35.2,0.0
37005,128.0,9.1,0.0
37007,638.4,237.0,0.0
37009,73.7,3.7,0.0
37011,39.5,5.6,0.0
37013,446.7,75.8,8.4
37015,516.1,137.6,0.0
37017,493.6,123.4,11.5
37019,212.5,66.8,1.7
37021,311.0,98.4,2.8
37023,204.8,28.9,2.2
37025,407.0,88.7,2.1
37027,209.8,28.1,0.0
37029,225.8,9.8,0.0
37031,249.9,30.7,0.0
37033,280.3,99.2,0.0
37035,326.2,82.0,1.3
37037,243.9,44.9,3.0
37039,121.2,11.0,0.0
37041,570.4,129.0,0.0
37043,160.6,47.2,0.0
37045,430.7,118.5,2.1
37047,359.9,138.0,0.0
37049,563.7,105.3,3.8
37051,944.9,332.3,18.1
37053,295.1,24.6,0.0
37055,257.0,22.8,0.0
37057,276.0,75.9,2.4
37059,274.3,79.4,0.0
37061,357.8,58.3,3.3
37063,716.7,257.9,16.3
37065,984.3,349.1,9.0
37067,633.4,250.3,9.4
37069,401.5,134.9,6.4
37071,501.4,138.5,2.9
37073,291.8,34.3,8.6
37075,194.6,45.8,0.0
37077,538.8,113.3,1.7
37079,423.9,136.6,18.8
37081,671.3,248.5,7.9
37083,733.4,138.4,1.9
37085,360.8,82.4,5.6
37087,169.0,40.6,3.4
37089,225.5,43.8,1.8
37091,691.7,131.0,16.4
37093,551.4,181.2,1.9
37095,122.4,0.0,0.0
37097,279.0,74.2,0.6
37099,273.7,92.9,0.0
37101,277.0,61.2,5.6
37103,283.9,107.7,0.0
37105,413.2,107.9,1.7
37107,626.3,244.4,20.4
37109,245.8,37.6,2.5
37111,224.6,28.9,0.0
37113,245.1,35.4,0.0
37115,157.0,47.6,4.8
37117,422.0,122.4,8.4
37119,637.0,230.5,18.3
37121,84.8,13.0,0.0
37123,388.1,119.7,0.0
37125,294.8,86.3,2.2
37127,614.1,192.4,11.6
37129,425.8,155.7,4.7
37131,647.8,201.5,4.8
37133,643.0,126.3,3.2
37135,336.3,79.8,8.5
37137,316.5,123.5,0.0
37139,515.2,140.1,2.5
37141,265.7,81.3,1.8
37143,316.2,95.6,0.0
37145,384.5,109.5,2.5
37147,880.9,228.4,12.6
37149,137.2,29.4,4.9
37151,310.0,72.2,0.7
37153,700.4,131.5,2.2
37155,684.5,237.3,10.4
37157,283.0,98.0,3.3
37159,484.4,152.5,4.3
37161,239.0,103.1,0.0
37163,385.0,102.9,10.9
37165,799.4,274.8,2.8
37167,273.8,74.2,8.2
37169,229.7,30.1,0.0
37171,195.8,20.5,0.0
37173,419.7,170.7,0.0
37175,279.6,66.9,3.0
37177,438.1,73.0,0.0
37179,269.8,54.5,2.8
37181,316.71,528.9,22.3
37183,449.9,124.7,11.8
37185,617.3,140.9,9.7
37187,463.8,196.5,0.0
37189,229.1,28.6,3.8
37191,593.2,185.4,5.6
37193,199.9,15.9,0.0
37195,641.6,197.1,11.0
37197,191.9,34.2,0.0
37199,182.2,11.4,5.7
38001,127.1,42.4,0.0
38003,259.2,17.9,0.0
38005,316.71,567.1,0.0
38007,114.4,0.0,0.0
38009,222.7,29.7,0.0
38011,186.7,62.2,0.0
38013,130.1,0.0,0.0
38015,400.2,100.6,0.0
38017,529.4,81.1,1.2
38019,154.0,0.0,0.0
38021,152.4,0.0,0.0
38023,345.7,0.0,0.0
38025,288.3,0.0,0.0
38027,124.8,41.6,0.0
38029,28.7,0.0,0.0
38031,118.8,29.7,0.0
38033,274.3,0.0,0.0
38035,458.2,73.7,0.0
38037,84.1,0.0,0.0
38039,130.7,0.0,0.0
38041,639.1,188.0,0.0
38043,247.1,0.0,0.0
38045,72.0,0.0,0.0
38047,0.0,0.0,0.0
38049,219.5,0.0,0.0
38051,254.2,0.0,0.0
38053,440.2,107.4,0.0
38055,231.2,42.0,0.0
38057,151.3,0.0,0.0
38059,355.3,69.0,0.0
38061,316.71,234.6,0.0
38063,129.2,0.0,0.0
38065,320.2,0.0,0.0
38067,97.5,55.7,0.0
38069,89.9,22.5,0.0
38071,640.5,259.7,0.0
38073,271.9,0.0,0.0
38075,230.1,76.7,0.0
38077,336.6,18.4,0.0
38079,316.71,850.4,0.0
38081,128.5,0.0,0.0
38083,153.4,0.0,0.0
38085,316.71,857.8,203.2
38087,0.0,0.0,0.0
38089,450.2,63.8,0.0
38091,153.1,102.0,0.0
38093,350.4,14.2,0.0
38095,0.0,43.2,0.0
38097,254.7,36.4,0.0
38099,198.1,27.0,0.0
38101,692.7,97.1,2.9
38103,142.7,23.8,0.0
38105,672.4,47.3,0.0
39001,227.7,7.1,0.0
39003,567.0,148.2,0.9
39005,248.9,33.9,1.9
39007,281.5,74.1,0.0
39009,664.8,37.1,0.0
39011,211.2,19.6,0.0
39013,263.0,34.5,0.0
39015,244.0,27.1,0.0
39017,353.1,109.6,3.8
39019,261.7,46.0,0.0
39021,273.7,30.4,0.0
39023,448.7,106.5,7.3
39025,241.7,33.0,0.5
39027,314.7,23.8,4.8
39029,244.6,42.5,0.9
39031,223.1,38.1,2.7
39033,455.5,51.4,2.3
39035,718.2,254.4,5.7
39037,198.6,47.7,0.0
39039,298.5,23.4,0.0
39041,189.8,27.6,1.1
39043,480.0,193.3,0.0
39045,264.0,48.4,3.4
39047,305.6,24.3,0.0
39049,674.0,239.0,19.1
39051,247.1,18.8,0.0
39053,235.1,13.1,0.0
39055,109.6,12.8,0.0
39057,346.2,52.7,1.2
39059,275.0,70.6,0.0
39061,811.2,287.0,15.0
39063,286.4,38.3,0.0
39065,221.2,34.8,0.0
39067,211.2,25.6,0.0
39069,256.3,21.4,0.0
39071,256.4,37.0,0.0
39073,296.5,7.0,3.5
39075,57.3,6.9,0.0
39077,288.7,40.8,0.0
39079,180.0,3.1,3.1
39081,260.4,117.7,0.0
39083,217.1,21.4,1.6
39085,281.5,73.5,0.9
39087,239.0,48.5,4.8
39089,354.6,86.1,3.0
39091,246.3,61.6,4.4
39093,401.5,119.5,2.0
39095,603.1,181.3,7.1
39097,249.6,34.7,0.0
39099,499.9,169.3,2.1
39101,567.5,162.4,0.0
39103,185.8,26.3,0.0
39105,191.5,25.5,0.0
39107,196.2,19.6,0.0
39109,284.2,71.5,0.0
39111,185.1,6.9,0.0
39113,598.5,182.3,2.8
39115,154.3,20.1,0.0
39117,194.1,11.4,2.9
39119,411.8,61.0,0.0
39121,314.5,27.3,0.0
39123,162.8,26.7,0.0
39125,223.3,15.6,0.0
39127,305.6,19.4,0.0
39129,248.7,55.1,3.6
39131,313.7,28.2,0.0
39133,252.7,36.0,0.6
39135,141.4,33.5,2.4
39137,132.0,8.8,0.0
39139,474.7,146.2,0.8
39141,236.2,64.2,1.3
39143,277.9,53.2,0.0
39145,212.4,26.9,0.0
39147,295.1,42.9,0.0
39149,311.0,59.0,4.1
39151,398.7,135.3,0.8
39153,500.9,178.5,1.3
39155,423.4,127.4,1.9
39157,257.9,42.1,0.0
39159,440.9,67.5,3.8
39161,288.1,21.1,0.0
39163,165.7,22.6,0.0
39165,162.4,27.4,0.5
39167,203.9,24.5,0.0
39169,212.0,42.6,0.9
39171,173.3,13.3,0.0
39173,288.6,37.1,2.3
39175,187.1,22.3,0.0
40001,576.7,49.6,0.0
40003,136.8,68.4,0.0
40005,323.8,86.3,0.0
40007,179.7,18.0,0.0
40009,609.2,131.2,0.0
40011,432.1,61.7,0.0
40013,650.9,158.2,0.0
40015,388.6,104.8,3.4
40017,363.1,95.1,1.6
40019,554.7,210.3,4.1
40021,826.8,122.9,2.1
40023,611.5,199.4,0.0
40025,42.8,0.0,0.0
40027,424.4,86.9,3.3
40029,255.7,51.1,0.0
40031,835.6,244.1,7.2
40033,585.2,65.0,0.0
40035,408.9,61.3,0.0
40037,405.8,124.9,0.0
40039,640.0,91.9,0.0
40041,386.7,21.8,2.4
40043,103.2,20.6,0.0
40045,287.8,24.0,0.0
40047,451.3,101.2,4.8
40049,354.9,131.7,0.0
40051,352.1,72.6,1.9
40053,176.7,22.1,0.0
40055,372.7,97.2,0.0
40057,209.1,69.7,0.0
40059,262.3,26.2,0.0
40061,252.8,23.0,7.7
40063,448.5,137.5,0.0
40065,701.5,161.0,0.0
40067,388.7,62.2,0.0
40069,336.7,54.6,0.0
40071,493.1,151.2,2.2
40073,196.4,45.8,0.0
40075,278.3,53.5,0.0
40077,315.5,0.0,9.3
40079,315.4,60.3,0.0
40081,363.9,26.2,0.0
40083,634.8,216.1,2.3
40085,359.3,51.3,0.0
40087,279.4,41.1,2.7
40089,683.5,175.4,0.0
40091,448.9,87.8,0.0
40093,234.3,13.0,0.0
40095,425.3,93.8,0.0
40097,401.9,49.0,7.4
40099,415.7,145.9,7.3
40101,697.0,234.7,2.8
40103,349.5,96.1,0.0
40105,236.9,37.9,0.0
40107,307.0,40.4,0.0
40109,661.2,245.4,10.2
40111,674.5,164.8,10.1
40113,345.9,108.4,0.0
40115,533.4,68.2,0.0
40117,296.7,60.6,0.0
40119,531.2,113.8,3.8
40121,418.3,55.9,2.2
40123,684.4,123.7,2.6
40125,602.9,143.3,2.8
40127,338.3,97.9,0.0
40129,213.7,53.4,0.0
40131,349.3,35.9,0.0
40133,578.1,102.3,0.0
40135,414.9,70.4,0.0
40137,449.7,113.5,2.2
40139,321.5,36.2,0.0
40141,453.9,77.8,0.0
40143,653.9,267.5,3.5
40145,310.4,80.6,0.0
40147,267.6,50.4,0.0
40149,179.8,34.3,0.0
40151,431.4,66.4,0.0
40153,457.1,51.8,0.0
41001,231.0,12.5,0.0
41003,404.2,24.3,4.6
41005,274.3,27.3,2.6
41007,341.0,24.2,2.7
41009,269.5,24.3,0.0
41011,325.9,57.8,0.0
41013,182.6,4.8,4.8
41015,138.8,9.0,0.0
41017,336.8,17.5,1.8
41019,296.4,51.4,14.0
41021,102.7,0.0,0.0
41023,54.9,0.0,0.0
41025,335.9,28.0,0.0
41027,260.2,8.8,0.0
41029,310.7,70.0,4.8
41031,662.1,89.9,0.0
41033,265.3,88.8,8.4
41035,435.4,85.0,0.0
41037,306.9,12.8,0.0
41039,437.9,89.8,5.1
41041,237.3,10.8,2.2
41043,348.6,21.9,4.2
41045,344.5,23.0,0.0
41047,494.4,41.1,4.9
41049,264.6,35.3,0.0
41051,550.3,123.9,18.3
41053,384.1,24.7,5.2
41055,404.4,0.0,0.0
41057,201.4,19.7,7.9
41059,422.3,62.6,0.0
41061,347.0,19.5,0.0
41063,234.8,0.0,0.0
41065,435.7,19.6,3.9
41067,359.5,36.2,5.6
41069,217.2,0.0,0.0
41071,304.8,17.9,3.0
42001,232.4,17.7,0.0
42003,463.7,169.2,5.5
42005,173.3,19.1,0.0
42007,265.1,98.2,0.6
42009,73.4,14.3,2.0
42011,417.6,67.0,1.5
42013,251.0,40.4,0.8
42015,199.0,28.9,0.0
42017,181.3,32.7,1.6
42019,151.0,21.0,2.7
42021,224.9,34.9,0.7
42023,184.2,0.0,0.0
42025,126.6,23.2,1.5
42027,259.3,34.1,1.3
42029,179.6,23.9,1.4
42031,227.3,12.8,0.0
42033,170.0,4.9,0.0
42035,175.2,5.0,0.0
42037,169.2,15.0,0.0
42039,207.2,17.2,2.3
42041,257.9,48.1,1.2
42043,502.3,164.2,4.4
42045,479.6,116.2,3.4
42047,146.1,3.2,0.0
42049,498.8,146.6,5.4
42051,193.3,25.2,0.7
42053,170.4,0.0,0.0
42055,249.2,42.1,1.3
42057,129.5,0.0,0.0
42059,198.2,7.9,0.0
42061,131.3,8.8,2.2
42063,276.9,25.1,0.0
42065,171.2,8.9,2.2
42067,129.2,16.1,0.0
42069,152.9,20.1,0.0
42071,232.1,43.8,2.1
42073,303.4,41.4,0.0
42075,205.2,20.7,0.0
42077,382.4,52.4,2.3
42079,234.0,27.8,0.6
42081,346.9,15.4,3.4
42083,258.3,11.6,2.3
42085,309.0,59.9,0.0
42087,223.1,4.3,0.0
42089,145.4,19.1,1.2
42091,213.9,36.1,2.1
42093,194.2,27.0,0.0
42095,259.8,49.7,1.3
42097,173.3,12.8,2.1
42099,188.8,11.0,4.4
42101,316.71,383.8,19.8
42103,125.5,10.6,0.0
42105,228.6,0.0,0.0
42107,146.3,6.8,2.0
42109,148.0,10.0,2.5
42111,83.6,7.8,1.3
42113,472.4,141.7,0.0
42115,99.3,14.2,0.0
42117,254.3,7.1,0.0
42119,118.1,8.9,0.0
42121,174.4,22.3,1.9
42123,193.2,7.3,0.0
42125,250.2,51.4,0.5
42127,79.5,9.7,1.9
42129,198.1,43.6,0.6
42131,71.4,7.1,0.0
42133,337.2,67.0,0.5
44001,178.8,18.3,4.1
44003,250.9,25.4,3.6
44005,191.8,30.3,6.1
44007,534.0,78.9,8.7
44009,258.2,13.5,2.4
45001,467.9,172.0,0.0
45003,557.9,170.5,5.5
45005,863.9,274.4,0.0
45007,460.0,173.6,1.6
45009,687.0,116.7,6.5
45011,492.8,135.6,4.5
45013,451.6,96.6,2.3
45015,273.2,66.0,2.6
45017,405.2,119.6,0.0
45019,774.9,232.6,2.1
45021,506.4,202.2,0.0
45023,586.3,159.6,6.1
45025,445.9,97.4,0.0
45027,721.9,221.2,2.9
45029,791.3,174.7,5.3
45031,868.5,288.5,1.5
45033,316.71,249.8,12.8
45035,462.2,97.7,0.7
45037,287.5,143.7,0.0
45039,722.7,155.8,4.3
45041,753.3,239.3,5.8
45043,537.7,175.4,5.0
45045,528.8,178.8,8.0
45047,867.7,253.9,2.9
45049,632.1,210.7,0.0
45051,488.2,147.8,2.1
45053,401.8,150.2,11.3
45055,457.5,112.0,1.6
45057,405.2,78.3,2.5
45059,433.3,120.8,4.5
45061,316.71,179.9,10.9
45063,540.3,134.4,5.1
45065,482.6,150.8,0.0
45067,316.71,265.0,0.0
45069,714.2,221.4,3.6
45071,557.0,135.9,0.0
45073,243.9,61.3,2.7
45075,316.71,309.0,5.5
45077,323.8,110.2,3.3
45079,838.1,233.7,19.0
45081,462.9,94.6,5.0
45083,516.5,165.7,4.1
45085,845.3,322.8,10.2
45087,535.1,206.9,0.0
45089,444.6,235.9,9.1
45091,511.8,129.9,4.2
46003,147.1,0.0,0.0
46005,392.7,11.1,0.0
46007,840.1,260.7,0.0
46009,227.1,0.0,0.0
46011,354.9,9.1,0.0
46013,282.3,26.4,0.0
46015,223.6,18.6,0.0
46017,316.71,395.3,0.0
46019,174.2,9.7,0.0
46021,299.9,0.0,0.0
46023,316.71,508.6,0.0
46025,83.1,0.0,0.0
46027,330.1,14.4,0.0
46029,330.3,35.9,0.0
46031,316.71,830.4,735.5
46033,401.5,11.8,0.0
46035,338.0,40.4,5.0
46037,268.0,0.0,0.0
46039,92.6,0.0,0.0
46041,316.71,716.1,125.3
46043,0.0,0.0,0.0
46045,74.2,0.0,0.0
46047,234.0,0.0,0.0
46049,125.7,0.0,0.0
46051,123.6,0.0,0.0
46053,165.0,23.6,0.0
46055,211.2,105.6,0.0
46057,117.4,0.0,0.0
46059,147.4,0.0,0.0
46061,29.4,0.0,0.0
46063,79.2,0.0,0.0
46065,388.4,131.4,0.0
46067,181.9,0.0,0.0
46069,215.7,0.0,0.0
46071,995.0,310.9,0.0
46073,96.8,48.4,0.0
46075,599.4,299.7,0.0
46077,177.7,19.7,0.0
46079,165.9,0.0,0.0
46081,357.3,32.1,0.0
46083,194.6,20.1,0.0
46085,745.1,205.5,25.7
46087,194.6,53.1,0.0
46089,40.7,0.0,0.0
46091,126.0,0.0,21.0
46093,308.8,29.4,0.0
46095,672.8,336.4,0.0
46097,42.9,0.0,0.0
46099,583.4,144.7,3.3
46101,359.2,93.7,0.0
46103,546.5,116.3,0.0
46105,32.9,0.0,0.0
46107,208.9,0.0,0.0
46109,936.5,48.8,0.0
46111,301.2,43.0,0.0
46113,316.71,835.8,0.0
46115,196.7,15.1,0.0
46117,234.8,67.1,0.0
46119,69.6,0.0,0.0
46121,316.71,801.4,0.0
46123,309.2,0.0,0.0
46125,83.7,12.0,0.0
46127,202.3,60.7,6.7
46129,687.9,90.5,90.5
46135,352.5,35.2,0.0
46137,846.9,388.1,0.0
47001,315.1,43.7,1.3
47003,355.1,82.8,0.0
47005,233.3,12.3,0.0
47007,316.71,70.1,0.0
47009,315.7,44.8,1.6
47011,390.8,127.6,2.0
47013,223.7,22.4,0.0
47015,123.4,14.5,0.0
47017,470.0,56.1,0.0
47019,174.4,24.4,1.7
47021,220.3,40.5,0.0
47023,352.2,5.8,0.0
47025,263.0,12.7,0.0
47027,218.7,12.9,0.0
47029,200.1,31.0,0.0
47031,320.5,39.4,0.0
47033,431.8,61.7,0.0
47035,226.2,7.0,3.5
47037,651.5,195.0,8.8
47039,205.8,0.0,0.0
47041,276.6,15.7,0.0
47043,310.3,37.8,0.0
47045,463.2,44.5,0.0
47047,540.2,85.3,7.8
47049,212.2,16.8,0.0
47051,260.2,48.6,2.4
47053,509.5,93.0,0.0
47055,351.4,66.1,3.5
47057,141.0,13.2,0.0
47059,358.9,27.8,0.0
47061,88.9,14.8,0.0
47063,321.8,44.4,0.0
47065,520.8,169.8,6.9
47067,269.5,0.0,0.0
47069,695.7,125.4,0.0
47071,388.0,30.7,0.0
47073,198.9,17.6,1.8
47075,757.2,159.1,5.5
47077,463.5,35.7,0.0
47079,288.7,96.2,0.0
47081,234.9,24.7,0.0
47083,301.5,24.1,0.0
47085,334.4,32.9,0.0
47087,191.0,17.4,0.0
47089,253.2,13.4,1.9
47091,66.8,5.6,0.0
47093,440.1,127.7,4.9
47095,879.6,51.7,0.0
47097,550.5,100.7,0.0
47099,214.3,19.1,0.0
47101,326.1,16.7,0.0
47103,410.3,56.5,3.0
47105,245.8,31.7,2.0
47107,252.2,32.5,3.8
47109,260.1,23.0,0.0
47111,290.7,13.2,0.0
47113,729.2,206.6,2.0
47115,373.6,56.4,0.0
47117,369.4,61.0,0.0
47119,409.5,121.8,0.0
47121,257.5,17.2,0.0
47123,232.0,44.2,2.2
47125,986.9,307.4,3.8
47127,190.4,0.0,0.0
47129,164.3,4.6,0.0
47131,330.9,64.2,6.4
47133,172.1,0.0,0.0
47135,101.7,12.7,0.0
47137,314.3,0.0,0.0
47139,191.7,35.9,0.0
47141,350.9,20.4,0.0
47143,295.3,36.9,3.1
47145,239.4,15.1,1.9
47147,332.4,81.6,1.5
47149,483.6,100.0,4.3
47151,204.4,0.0,0.0
47153,115.8,20.4,0.0
47155,300.3,21.4,2.1
47157,859.4,229.4,8.3
47159,220.2,15.7,0.0
47161,232.0,37.4,0.0
47163,227.3,43.4,0.0
47165,324.5,32.0,0.0
47167,441.7,90.9,1.6
47169,498.2,25.5,0.0
47171,171.4,49.8,0.0
47173,240.8,31.4,0.0
47175,232.8,0.0,0.0
47177,355.3,27.5,0.0
47179,252.5,44.6,1.6
47181,129.9,17.7,0.0
47183,496.4,121.9,0.0
47185,274.3,11.4,0.0
47187,170.4,19.6,1.0
47189,254.2,45.9,0.8
48001,379.7,88.0,0.0
48003,369.1,35.7,0.0
48005,567.2,181.8,0.0
48007,529.6,82.1,28.7
48009,241.9,23.0,0.0
48011,51.3,51.3,0.0
48013,443.8,76.4,6.4
48015,232.3,55.5,0.0
48017,253.0,56.2,14.1
48019,87.4,29.1,0.0
48021,436.5,81.8,4.0
48023,110.7,55.3,0.0
48025,637.2,115.9,0.0
48027,316.71,330.1,7.6
48029,568.6,160.6,12.5
48031,289.1,18.7,0.0
48033,0.0,0.0,0.0
48035,308.0,112.0,5.6
48037,581.9,285.6,2.1
48039,358.5,73.0,1.8
48041,659.1,181.1,7.9
48043,549.2,53.8,0.0
48045,65.1,0.0,0.0
48047,704.7,27.6,0.0
48049,408.0,50.3,0.0
48051,413.5,151.4,11.6
48053,317.2,41.1,0.0
48055,586.3,147.8,15.3
48057,362.3,68.8,4.6
48059,199.6,14.8,0.0
48061,477.9,52.5,0.7
48063,612.3,161.1,8.1
48065,133.1,83.2,0.0
48067,336.3,191.2,0.0
48069,149.4,112.1,0.0
48071,114.1,27.2,2.7
48073,513.0,139.5,2.0
48075,253.7,84.6,0.0
48077,191.0,19.1,9.5
48079,364.7,0.0,0.0
48081,186.9,155.8,0.0
48083,304.3,23.4,0.0
48085,269.2,56.2,1.1
48087,258.1,96.8,0.0
48089,404.8,67.5,4.8
48091,276.0,38.8,5.9
48093,176.2,14.7,0.0
48095,49.5,0.0,0.0
48097,343.2,88.4,0.0
48099,497.4,127.3,1.3
48101,68.9,0.0,0.0
48103,251.4,62.9,0.0
48105,210.1,26.3,0.0
48107,534.1,100.2,0.0
48109,439.2,43.9,0.0
48111,269.2,42.5,0.0
48113,602.5,203.0,12.1
48115,470.7,57.9,0.0
48117,516.2,182.5,20.9
48119,362.7,76.4,0.0
48121,313.5,64.9,2.7
48123,365.8,112.2,0.0
48125,174.6,0.0,0.0
48127,532.3,192.7,0.0
48129,113.6,28.4,0.0
48131,859.1,128.9,0.0
48133,164.4,49.3,0.0
48135,726.3,254.4,2.7
48137,159.2,0.0,0.0
48139,323.1,62.8,1.9
48141,602.5,83.2,3.6
48143,458.9,60.5,0.0
48145,697.4,148.6,0.0
48147,267.4,44.6,5.9
48149,217.6,48.3,0.0
48151,414.9,77.8,0.0
48153,288.9,48.2,0.0
48155,78.3,0.0,0.0
48157,235.3,62.5,3.7
48159,337.7,103.2,0.0
48161,280.0,40.7,0.0
48163,597.8,227.0,5.5
48165,296.0,47.6,0.0
48167,456.0,83.8,2.6
48169,490.7,174.1,0.0
48171,213.0,27.6,0.0
48173,0.0,0.0,0.0
48175,187.5,40.2,0.0
48177,541.6,78.8,0.0
48179,308.1,99.8,0.0
48181,326.9,85.0,0.0
48183,826.7,266.6,7.3
48185,510.1,152.6,3.7
48187,271.0,60.8,4.2
48189,494.9,123.0,2.8
48191,277.9,0.0,0.0
48193,288.8,36.1,0.0
48195,144.0,18.0,0.0
48197,199.2,0.0,0.0
48199,185.9,45.1,1.8
48201,571.5,164.3,8.4
48203,435.1,143.5,1.5
48205,32.8,0.0,0.0
48207,306.4,85.1,0.0
48209,703.9,97.7,7.4
48211,481.0,48.1,0.0
48213,320.3,75.0,0.0
48215,457.0,52.7,1.0
48217,399.2,106.3,0.0
48219,505.7,119.0,4.2
48221,268.4,35.9,1.9
48223,329.0,92.8,2.8
48225,296.8,52.4,4.4
48227,462.0,119.0,0.0
48229,271.2,30.1,0.0
48231,463.0,126.4,1.1
48233,334.6,206.2,0.0
48235,248.1,0.0,0.0
48237,100.5,22.3,0.0
48239,226.2,54.8,0.0
48241,409.5,131.8,2.8
48243,355.1,0.0,0.0
48245,481.5,204.1,8.3
48247,266.9,0.0,0.0
48249,671.8,129.6,2.4
48251,288.3,60.8,1.9
48253,156.1,40.3,0.0
48255,378.0,132.6,0.0
48257,286.5,82.9,0.9
48259,235.7,58.3,2.6
48261,0.0,0.0,0.0
48263,0.0,0.0,0.0
48265,252.2,52.0,2.0
48267,245.5,44.6,0.0
48269,0.0,0.0,0.0
48271,251.0,0.0,0.0
48273,604.3,102.8,6.2
48275,318.6,185.8,0.0
48277,538.2,139.6,0.0
48279,333.9,130.7,0.0
48281,455.0,64.3,4.9
48283,217.1,54.3,0.0
48285,189.0,81.7,0.0
48287,240.6,60.1,0.0
48289,322.5,83.6,11.9
48291,348.5,54.6,0.0
48293,518.7,124.3,0.0
48295,86.1,28.7,0.0
48297,337.1,75.8,0.0
48299,185.1,5.1,0.0
48301,0.0,0.0,0.0
48303,691.6,259.2,2.4
48305,279.6,122.3,0.0
48307,312.1,24.0,0.0
48309,619.1,196.7,0.4
48311,392.7,0.0,0.0
48313,522.5,130.6,7.3
48315,234.5,58.6,0.0
48317,225.9,56.5,0.0
48319,96.9,24.2,0.0
48321,344.3,106.6,0.0
48323,507.8,64.4,1.8
48325,234.2,46.4,2.1
48327,46.6,0.0,0.0
48329,610.7,210.6,2.0
48331,521.4,95.2,0.0
48333,346.4,0.0,0.0
48335,265.9,106.4,0.0
48337,220.5,35.9,0.0
48339,221.4,33.5,1.6
48341,365.8,40.6,0.0
48343,405.2,132.5,0.0
48345,167.2,0.0,0.0
48347,734.7,146.9,4.6
48349,449.6,127.0,8.3
48351,169.7,21.2,7.1
48353,678.3,212.8,0.0
48355,734.7,211.9,5.7
48357,296.1,18.5,0.0
48359,190.3,47.6,0.0
48361,255.6,79.6,0.0
48363,286.9,28.7,0.0
48365,410.6,100.5,4.2
48367,234.7,58.5,1.6
48369,210.7,20.1,10.0
48371,375.9,63.7,0.0
48373,347.2,80.8,2.2
48375,993.7,462.8,2.5
48377,277.7,13.9,0.0
48379,361.5,126.5,0.0
48381,310.7,120.2,0.0
48383,416.6,27.8,0.0
48385,358.2,89.6,0.0
48387,352.8,16.0,0.0
48389,529.9,50.1,0.0
48391,328.5,109.5,0.0
48393,120.3,120.3,0.0
48395,703.6,242.6,12.1
48397,187.7,27.0,5.9
48399,242.5,38.8,0.0
48401,233.1,57.8,0.0
48403,183.4,19.3,0.0
48405,490.4,68.4,0.0
48407,148.9,26.1,0.0
48409,390.1,65.0,12.1
48411,199.6,16.6,0.0
48413,124.8,62.4,0.0
48415,526.0,144.5,0.0
48417,148.1,88.9,0.0
48419,325.7,77.5,7.8
48421,323.3,32.3,0.0
48423,539.2,173.5,0.9
48425,184.8,46.2,0.0
48427,292.1,30.7,0.0
48429,183.8,10.8,0.0
48431,82.0,0.0,0.0
48433,69.8,0.0,0.0
48435,324.5,74.9,0.0
48437,309.2,64.4,0.0
48439,452.6,139.8,8.6
48441,518.2,116.3,0.0
48443,221.5,0.0,0.0
48445,384.5,54.9,0.0
48447,62.5,0.0,0.0
48449,408.2,43.0,0.0
48451,571.5,213.1,0.9
48453,653.2,196.8,17.2
48455,243.2,76.4,0.0
48457,177.0,46.6,0.0
48459,298.4,92.8,2.5
48461,266.9,89.0,0.0
48463,527.4,133.7,0.0
48465,462.7,61.7,2.1
48467,282.0,80.0,0.0
48469,559.8,164.4,6.7
48471,533.3,133.7,10.2
48473,373.8,70.8,2.2
48475,382.4,80.0,0.0
48477,553.5,181.6,0.0
48479,499.1,39.2,0.4
48481,383.3,70.4,2.4
48483,156.5,52.2,0.0
48485,469.5,120.4,2.3
48487,357.9,38.1,0.0
48489,615.8,63.9,4.6
48491,381.7,76.9,2.5
48493,211.4,37.4,4.4
48495,525.9,105.2,0.0
48497,162.5,42.7,0.0
48499,208.0,80.4,0.0
48501,244.4,61.1,0.0
48503,245.4,60.0,0.0
48505,333.6,6.9,0.0
48507,378.4,41.1,0.0
49001,92.9,31.0,0.0
49003,122.1,9.8,0.0
49005,175.4,24.0,0.0
49007,195.3,4.8,0.0
49009,88.7,0.0,0.0
49011,295.9,32.3,0.6
49013,142.8,9.8,0.0
49015,37.2,0.0,0.0
49017,177.1,0.0,0.0
49019,256.4,32.1,0.0
49021,200.9,6.4,0.0
49023,106.3,29.0,0.0
49025,68.9,0.0,0.0
49027,94.8,7.9,0.0
49029,78.6,0.0,0.0
49031,132.5,0.0,0.0
49033,0.0,87.4,0.0
49035,396.4,93.0,3.6
49037,380.7,20.0,0.0
49039,120.4,3.5,0.0
49041,220.6,9.6,0.0
49043,236.4,23.4,0.0
49045,235.3,36.2,0.0
49047,298.1,14.1,0.0
49049,170.3,17.6,0.4
49051,132.4,7.6,0.0
49053,216.5,12.2,0.0
49055,145.6,0.0,0.0
49057,292.2,52.0,0.8
50001,296.3,10.9,0.0
50003,234.6,5.5,2.7
50005,343.4,0.0,0.0
50007,452.6,22.6,2.5
50009,273.7,0.0,0.0
50011,378.9,12.4,0.0
50013,472.3,0.0,0.0
50015,291.2,0.0,0.0
50017,335.5,3.5,0.0
50019,316.5,3.7,0.0
50021,300.2,29.7,0.0
50023,428.2,13.5,0.0
50025,328.3,9.1,0.0
50027,255.1,7.1,0.0
51001,790.4,84.5,3.0
51003,218.4,42.7,1.0
51005,290.8,6.2,0.0
51007,258.9,47.1,0.0
51009,332.5,71.5,0.0
51011,419.5,45.9,0.0
51013,331.7,58.7,5.8
51015,182.6,43.3,1.4
51017,216.6,65.0,0.0
51019,151.8,58.1,2.6
51021,89.1,14.8,0.0
51023,169.7,27.3,3.0
51025,648.1,135.5,0.0
51027,46.6,0.0,4.2
51029,262.6,52.5,0.0
51031,356.7,67.0,7.2
51033,341.3,37.5,0.0
51035,210.8,13.4,0.0
51036,378.7,28.1,0.0
51037,308.8,48.8,0.0
51041,393.0,81.2,2.1
51043,188.2,20.9,0.0
51045,76.8,57.6,0.0
51047,292.7,35.0,0.0
51049,416.6,121.9,0.0
51051,213.1,12.9,0.0
51053,422.9,86.0,7.2
51057,480.9,35.6,17.8
51059,199.0,24.5,1.6
51061,232.1,19.3,0.0
51063,141.7,25.8,0.0
51065,169.4,46.2,0.0
51067,275.1,103.0,3.6
51069,233.6,28.3,1.2
51071,183.2,17.7,0.0
51073,233.5,51.6,2.7
51075,337.6,37.0,0.0
51077,184.7,6.6,0.0
51079,148.9,21.3,0.0
51081,546.9,58.9,0.0
51083,418.1,113.0,0.0
51085,254.6,29.6,1.0
51087,538.0,143.4,5.3
51089,361.1,150.1,1.9
51091,90.3,0.0,0.0
51093,434.7,95.4,8.4
51095,259.5,58.1,2.8
51097,322.6,84.2,0.0
51099,272.8,36.1,4.0
51101,198.8,12.4,6.2
51103,385.7,26.9,0.0
51105,166.8,15.9,0.0
51107,174.7,17.4,1.7
51109,226.8,50.1,5.9
51111,367.2,111.8,0.0
51113,303.0,128.8,0.0
51115,224.8,11.2,0.0
51117,448.7,82.7,3.2
51119,306.6,65.0,0.0
51121,286.9,32.2,0.0
51125,175.8,47.3,0.0
51127,276.8,46.1,5.1
51131,635.1,33.0,0.0
51133,450.8,16.4,0.0
51135,779.8,82.4,19.0
51137,331.5,57.7,0.0
51139,205.7,0.0,0.0
51141,103.4,43.6,0.0
51143,339.6,56.1,4.8
51145,212.3,21.2,0.0
51147,543.8,92.1,0.0
51149,657.7,99.3,2.7
51153,345.0,36.5,3.0
51155,249.2,69.6,5.8
51157,280.8,26.7,0.0
51159,312.7,33.5,0.0
51161,264.1,70.6,6.4
51163,242.1,4.5,0.0
51165,203.2,24.4,0.0
51167,113.2,0.0,0.0
51169,141.3,8.8,0.0
51171,192.1,7.0,0.0
51173,199.0,19.0,3.2
51175,491.0,126.9,0.0
51177,292.9,40.8,2.4
51179,291.0,38.7,2.9
51181,635.6,162.6,0.0
51183,525.0,84.7,0.0
51185,142.8,4.5,0.0
51187,323.0,28.4,5.2
51191,133.0,16.4,1.8
51193,442.9,34.1,0.0
51195,327.7,14.8,2.5
51197,269.2,37.5,0.0
51199,297.3,51.3,0.0
51510,423.1,80.6,8.7
51515,316.71,65.3,2.64
51520,415.2,126.9,0.0
51530,284.4,29.9,0.0
51540,464.5,162.3,6.8
51550,555.6,133.6,3.9
51570,459.3,73.7,5.7
51580,446.9,0.0,0.0
51590,316.71,324.0,0.0
51595,316.71,107.4,0.0
51600,621.5,70.9,0.0
51610,429.4,140.7,7.4
51620,316.71,439.9,0.0
51630,785.6,99.5,0.0
51640,355.4,0.0,0.0
51650,316.71,285.3,12.4
51660,511.7,54.5,3.9
51670,866.3,275.2,4.5
51678,167.4,27.9,0.0
51680,646.0,214.1,6.4
51683,431.6,67.1,2.4
51685,278.7,68.1,6.2
51690,661.6,298.1,0.0
51700,991.1,271.4,9.9
51710,316.71,321.8,5.3
51720,398.3,24.9,0.0
51730,316.71,633.1,6.1
51735,181.8,16.5,0.0
51740,316.71,366.9,7.3
51750,316.71,93.1,0.0
51760,316.71,478.7,15.9
51770,660.1,289.4,12.2
51775,229.3,63.2,4.0
51790,340.9,110.9,0.0
51800,664.9,191.3,3.5
51810,520.0,122.2,2.5
51820,343.3,108.2,0.0
51830,572.1,105.2,0.0
51840,584.2,113.9,3.7
53001,388.1,52.4,10.5
53003,325.6,13.6,0.0
53005,358.8,81.3,9.8
53007,393.4,17.6,0.0
53009,226.8,19.4,1.4
53011,346.5,47.8,4.7
53013,223.2,24.8,24.8
53015,444.7,37.3,7.9
53017,385.1,20.3,0.0
53019,327.0,13.1,0.0
53021,496.3,120.0,6.9
53023,221.6,44.3,0.0
53025,431.0,87.1,4.4
53027,295.5,47.8,4.2
53029,304.6,34.3,2.5
53031,266.0,69.8,0.0
53033,363.1,109.2,8.6
53035,368.6,72.8,2.4
53037,399.9,40.7,2.4
53039,278.0,14.4,0.0
53041,345.0,21.3,1.3
53043,48.5,0.0,0.0
53045,327.3,62.8,0.0
53047,196.6,26.7,0.0
53049,161.0,68.3,0.0
53051,178.3,7.8,0.0
53053,538.6,157.1,3.8
53055,126.0,18.9,0.0
53057,291.2,47.1,1.7
53059,257.2,8.9,8.9
53061,271.1,55.0,3.8
53063,449.9,113.3,2.3
53065,241.8,20.7,0.0
53067,339.6,56.4,0.8
53069,49.5,24.7,0.0
53071,324.2,79.0,1.7
53073,282.5,28.1,1.0
53075,672.1,27.9,2.1
53077,613.7,165.6,6.1
54001,137.1,6.0,0.0
54003,335.8,75.4,1.8
54005,152.7,8.3,0.0
54007,124.1,0.0,0.0
54009,130.6,29.5,0.0
54011,421.1,139.0,12.4
54013,145.4,13.2,0.0
54015,205.5,10.8,0.0
54017,191.8,0.0,0.0
54019,258.8,13.2,2.2
54021,103.8,0.0,0.0
54023,170.1,0.0,0.0
54025,202.0,8.4,2.8
54027,209.0,4.3,0.0
54029,201.4,46.2,3.3
54031,150.9,0.0,0.0
54033,226.2,42.0,1.4
54035,133.7,10.3,0.0
54037,290.5,50.8,0.0
54039,362.3,85.7,1.0
54041,364.7,18.2,0.0
54043,171.6,27.8,0.0
54045,125.0,41.7,0.0
54047,138.9,71.9,0.0
54049,316.5,58.0,0.0
54051,187.9,12.3,0.0
54053,162.2,3.7,0.0
54055,292.0,79.1,0.0
54057,166.0,28.9,0.0
54059,154.4,19.3,0.0
54061,461.5,56.7,5.9
54063,89.0,7.4,0.0
54065,165.7,17.1,0.0
54067,96.3,7.7,0.0
54069,295.0,86.9,0.0
54071,133.9,0.0,0.0
54073,118.8,26.4,0.0
54075,80.7,0.0,0.0
54077,271.7,8.9,0.0
54079,146.5,14.1,0.0
54081,277.8,53.3,1.3
54083,234.6,6.8,0.0
54085,178.7,0.0,0.0
54087,150.1,20.5,0.0
54089,81.1,29.5,0.0
54091,218.0,23.6,0.0
54093,157.9,0.0,0.0
54095,133.4,11.1,0.0
54097,291.9,20.3,0.0
54099,120.7,9.7,0.0
54101,101.2,0.0,0.0
54103,129.6,30.9,0.0
54105,118.6,50.8,0.0
54107,244.9,40.4,0.0
54109,134.7,8.7,4.3
55001,234.4,14.6,0.0
55003,156.1,6.2,0.0
55005,289.0,6.6,0.0
55007,52.8,6.6,0.0
55009,386.9,54.6,0.0
55011,112.3,0.0,0.0
55013,169.6,6.5,0.0
55015,163.3,14.1,0.0
55017,269.3,15.8,1.6
55019,153.1,2.9,0.0
55021,174.7,10.6,0.0
55023,201.3,30.5,0.0
55025,372.8,77.5,2.4
55027,307.9,15.8,0.0
55029,179.2,7.2,0.0
55031,344.1,20.5,0.0
55033,330.9,13.6,0.0
55035,378.6,37.5,3.0
55037,66.4,0.0,0.0
55039,336.0,19.6,1.0
55041,405.4,21.9,0.0
55043,217.4,13.7,0.0
55045,215.7,5.4,0.0
55047,189.9,10.5,0.0
55049,143.2,8.4,4.2
55051,186.9,0.0,0.0
55053,305.2,38.8,0.0
55055,191.7,15.4,1.2
55057,286.3,3.8,0.0
55059,459.0,115.0,1.2
55061,180.4,14.6,0.0
55063,396.7,35.1,2.6
55065,125.3,0.0,0.0
55067,137.9,5.1,0.0
55069,341.7,10.5,0.0
55071,255.4,5.0,1.2
55073,260.7,13.3,0.7
55075,180.2,9.6,0.0
55077,92.3,0.0,0.0
55078,316.71,0.0,0.0
55079,971.7,259.1,5.0
55081,315.7,19.9,0.0
55083,179.5,8.0,0.0
55085,193.3,11.2,0.0
55087,286.7,28.8,0.0
55089,143.6,10.3,2.3
55091,163.0,0.0,0.0
55093,314.8,34.2,0.0
55095,174.8,16.1,0.0
55097,292.7,9.9,0.0
55099,246.3,0.0,0.0
55101,499.4,96.9,1.5
55103,231.4,16.9,0.0
55105,411.8,59.1,0.6
55107,270.9,6.9,0.0
55109,161.8,12.8,0.0
55111,291.3,11.1,0.0
55113,393.6,36.3,0.0
55115,235.3,14.4,0.0
55117,288.9,28.7,0.9
55119,179.5,4.9,0.0
55121,202.8,10.1,10.1
55123,128.6,3.3,0.0
55125,201.2,0.0,0.0
55127,217.6,10.7,0.0
55129,223.1,0.0,0.0
55131,185.3,20.3,0.8
55133,163.0,18.0,0.3
55135,221.9,13.4,0.0
55137,143.9,8.2,0.0
55139,347.4,32.4,0.0
55141,294.8,2.7,0.0
56001,430.2,37.4,0.0
56003,216.8,8.3,0.0
56005,539.7,68.5,0.0
56007,330.2,0.0,0.0
56009,223.6,14.0,0.0
56011,125.3,27.8,0.0
56013,522.0,24.4,0.0
56015,345.3,7.3,0.0
56017,103.2,0.0,0.0
56019,104.3,0.0,0.0
56021,399.8,21.9,2.1
56023,130.7,5.4,0.0
56025,386.5,13.6,0.0
56027,0.0,0.0,0.0
56029,184.8,13.7,0.0
56031,182.5,22.8,0.0
56033,352.1,3.4,0.0
56035,129.5,10.0,0.0
56037,232.1,13.3,0.0
56039,193.1,13.5,9.0
56041,308.6,4.7,0.0
56043,224.5,23.6,0.0
56045,237.5,0.0,0.0
60000,316.71,65.3,2.64
66000,491.3,56.5,2.5
69000,316.71,65.3,2.64
72001,95.2,10.6,0.0
72003,94.2,7.4,7.4
72005,132.7,12.2,12.2
72007,98.3,7.3,10.9
72009,126.2,12.2,8.1
72011,137.3,0.0,17.6
72013,113.6,7.6,14.2
72015,191.0,10.6,5.3
72017,44.1,4.0,36.1
72019,101.0,6.7,6.7
72021,127.2,12.4,15.4
72023,107.3,7.9,11.9
72025,183.9,31.4,20.4
72027,80.2,0.0,14.9
72029,208.6,4.2,12.6
72031,150.8,21.7,15.1
72033,133.2,15.2,15.2
72035,138.2,4.3,13.0
72037,174.5,15.9,15.9
72039,67.7,5.6,16.9
72041,142.5,14.2,14.2
72043,128.9,7.4,0.0
72045,98.8,0.0,0.0
72047,50.4,5.6,5.6
72049,330.0,0.0,0.0
72051,73.2,2.6,7.8
72053,276.1,38.2,8.8
72054,80.6,8.1,0.0
72055,78.4,0.0,0.0
72057,133.4,4.6,2.3
72059,54.6,5.0,5.0
72061,101.3,6.5,17.2
72063,108.2,12.7,12.7
72065,72.1,4.8,7.2
72067,125.4,11.9,17.9
72069,155.7,19.7,14.3
72071,167.6,13.6,11.3
72073,159.3,0.0,0.0
72075,221.1,16.4,6.1
72077,132.2,15.0,15.0
72079,122.6,0.0,4.1
72081,42.5,0.0,7.1
72083,185.6,0.0,0.0
72085,87.9,12.9,12.9
72087,174.6,10.7,3.6
72089,227.5,67.2,15.5
72091,139.2,14.4,24.0
72093,66.4,0.0,16.6
72095,198.9,0.0,0.0
72097,211.2,14.6,12.2
72099,83.2,0.0,0.0
72101,59.0,3.1,12.4
72103,119.0,29.8,7.4
72105,67.6,3.4,3.4
72107,71.5,4.5,4.5
72109,126.0,0.0,0.0
72111,98.4,4.5,8.9
72113,167.4,18.2,7.8
72115,71.9,0.0,20.0
72117,60.9,13.5,6.8
72119,182.3,11.4,9.5
72121,128.5,0.0,0.0
72123,107.1,6.7,0.0
72125,83.0,3.0,11.9
72127,203.5,25.7,31.5
72129,194.8,17.7,15.2
72131,110.1,2.5,2.5
72133,126.9,4.4,13.1
72135,85.5,9.4,14.7
72137,110.5,13.1,25.0
72139,145.0,14.1,9.9
72141,74.1,0.0,6.4
72143,63.7,7.6,10.2
72145,73.0,3.6,17.8
72147,263.4,11.0,32.9
72149,94.3,0.0,8.2
72151,156.1,8.4,5.6
72153,92.8,0.0,0.0
78000,757.4,81.6,1.9
