FIPS,Rate
1001,0.0
1003,2.6
1005,3.7
1007,0.0
1009,0.0
1011,9.4
1013,4.9
1015,1.7
1017,0.0
1019,0.0
1021,0.0
1023,0.0
1025,0.0
1027,14.8
1029,0.0
1031,0.0
1033,1.8
1035,0.0
1037,0.0
1039,0.0
1041,0.0
1043,0.0
1045,6.0
1047,0.0
1049,1.4
1051,0.0
1053,2.6
1055,2.9
1057,0.0
1059,0.0
1061,3.7
1063,11.4
1065,0.0
1067,0.0
1069,4.8
1071,0.0
1073,7.0
1075,0.0
1077,2.2
1079,0.0
1081,1.3
1083,0.0
1085,0.0
1087,0.0
1089,5.2
1091,5.0
1093,0.0
1095,3.2
1097,3.1
1099,0.0
1101,7.5
1103,2.5
1105,0.0
1107,0.0
1109,6.0
1111,0.0
1113,3.4
1115,2.3
1117,3.9
1119,7.5
1121,4.9
1123,2.4
1125,2.5
1127,3.0
1129,5.9
1131,0.0
1133,0.0
2013,0.0
2016,0.0
2020,3.3
2050,0.0
2060,0.0
2068,0.0
2070,0.0
2090,1.0
2100,0.0
2105,2.64
2110,0.0
2122,3.5
2130,0.0
2150,0.0
2164,0.0
2170,0.0
2180,0.0
2185,10.3
2188,0.0
2195,2.64
2198,2.64
2201,0.0
2220,0.0
2230,2.64
2232,0.0
2240,0.0
2261,0.0
2270,0.0
2275,2.64
2280,0.0
2282,0.0
2290,0.0
4001,1.4
4003,1.5
4005,3.7
4007,0.0
4009,2.7
4011,0.0
4012,0.0
4013,10.3
4015,1.0
4017,2.8
4019,14.4
4021,1.0
4023,0.0
4025,1.4
4027,0.0
5001,16.0
5003,4.7
5005,0.0
5007,2.5
5009,2.7
5011,0.0
5013,19.1
5015,3.6
5017,8.8
5019,0.0
5021,0.0
5023,0.0
5025,0.0
5027,8.3
5029,0.0
5031,3.0
5033,4.9
5035,8.0
5037,0.0
5039,0.0
5041,8.0
5043,0.0
5045,2.5
5047,0.0
5049,0.0
5051,4.1
5053,0.0
5055,0.0
5057,8.9
5059,0.0
5061,0.0
5063,0.0
5065,7.5
5067,5.7
5069,15.0
5071,0.0
5073,0.0
5075,0.0
5077,20.0
5079,7.1
5081,7.9
5083,0.0
5085,2.8
5087,0.0
5089,0.0
5091,2.3
5093,2.2
5095,0.0
5097,0.0
5099,0.0
5101,0.0
5103,4.0
5105,0.0
5107,4.9
5109,0.0
5111,0.0
5113,0.0
5115,1.6
5117,0.0
5119,8.2
5121,0.0
5123,3.7
5125,1.7
5127,18.3
5129,0.0
5131,9.4
5133,0.0
5135,0.0
5137,0.0
5139,2.5
5141,5.9
5143,3.7
5145,1.3
5147,0.0
5149,4.6
6001,9.2
6003,0.0
6005,0.0
6007,0.5
6009,0.0
6011,0.0
6013,7.6
6015,0.0
6017,1.1
6019,12.4
6021,0.0
6023,1.5
6025,4.0
6027,0.0
6029,16.2
6031,13.9
6033,3.1
6035,0.0
6037,12.0
6039,8.5
6041,6.6
6043,0.0
6045,0.0
6047,4.9
6049,0.0
6051,7.1
6053,5.8
6055,4.3
6057,0.0
6059,6.5
6061,3.0
6063,0.0
6065,8.2
6067,9.4
6069,1.7
6071,4.8
6073,11.6
6075,56.1
6077,12.5
6079,2.2
6081,7.0
6083,5.5
6085,6.4
6087,11.5
6089,1.1
6091,0.0
6093,9.1
6095,8.5
6097,6.1
6099,12.4
6101,0.0
6103,1.6
6105,0.0
6107,6.4
6109,7.4
6111,5.7
6113,5.9
6115,4.1
8001,3.4
8003,0.0
8005,4.8
8007,0.0
8009,0.0
8011,0.0
8013,1.6
8014,1.7
8015,0.0
8017,0.0
8019,11.1
8021,0.0
8023,0.0
8025,0.0
8027,0.0
8029,0.0
8031,13.9
8033,0.0
8035,0.3
8037,1.9
8039,4.2
8041,0.9
8043,0.0
8045,1.7
8047,0.0
8049,0.0
8051,0.0
8053,0.0
8055,0.0
8057,0.0
8059,2.5
8061,0.0
8063,12.4
8065,0.0
8067,0.0
8069,1.9
8071,0.0
8073,0.0
8075,0.0
8077,0.0
8079,0.0
8081,0.0
8083,0.0
8085,0.0
8087,3.5
8089,0.0
8091,0.0
8093,0.0
8095,0.0
8097,0.0
8099,0.0
8101,3.1
8103,0.0
8105,0.0
8107,4.3
8109,0.0
8111,0.0
8113,0.0
8115,0.0
8117,7.0
8119,0.0
8121,0.0
8123,1.5
8125,0.0
9001,2.0
9003,2.6
9005,0.0
9007,1.8
9009,3.9
9011,2.6
9013,0.0
9015,0.0
10001,4.7
10003,6.0
10005,2.9
11001,0.0
12001,8.7
12003,3.7
12005,1.1
12007,7.4
12009,3.4
12011,17.6
12013,0.0
12015,2.4
12017,2.2
12019,1.5
12021,5.3
12023,1.5
12027,5.8
12029,6.3
12031,7.3
12033,8.8
12035,1.0
12037,0.0
12039,6.5
12041,0.0
12043,0.0
12045,0.0
12047,7.0
12049,0.0
12051,5.3
12053,2.3
12055,0.0
12057,16.9
12059,5.1
12061,1.4
12063,0.0
12065,7.0
12067,0.0
12069,2.9
12071,3.3
12073,8.5
12075,0.0
12077,0.0
12079,0.0
12081,1.8
12083,3.3
12085,4.6
12086,16.6
12087,13.1
12089,0.0
12091,0.5
12093,0.0
12095,15.2
12097,5.0
12099,4.7
12101,4.0
12103,8.5
12105,7.9
12107,0.0
12109,0.0
12111,3.1
12113,3.7
12115,3.3
12117,6.7
12119,0.9
12121,2.3
12123,0.0
12125,6.6
12127,3.6
12129,0.0
12131,0.0
12133,0.0
13001,0.0
13003,0.0
13005,0.0
13007,0.0
13009,2.2
13011,0.0
13013,0.0
13015,6.9
13017,0.0
13019,0.0
13021,3.9
13023,0.0
13025,0.0
13027,0.0
13029,0.0
13031,11.2
13033,4.4
13035,0.0
13037,0.0
13039,0.0
13043,18.3
13045,1.8
13047,1.5
13049,0.0
13051,4.0
13053,0.0
13055,0.0
13057,3.1
13059,4.1
13061,0.0
13063,30.3
13065,14.7
13067,11.7
13069,6.9
13071,4.3
13073,5.9
13075,5.9
13077,2.3
13079,0.0
13081,8.6
13083,0.0
13085,0.0
13087,0.0
13089,33.9
13091,0.0
13093,14.0
13095,30.1
13097,6.6
13099,0.0
13101,0.0
13103,0.0
13105,0.0
13107,4.4
13109,0.0
13111,0.0
13113,1.8
13115,4.2
13117,0.5
13119,0.0
13121,43.6
13123,0.0
13125,0.0
13127,2.5
13129,1.8
13131,0.0
13133,0.0
13135,11.2
13137,0.0
13139,1.6
13141,0.0
13143,0.0
13145,3.1
13147,0.0
13149,0.0
13151,3.8
13153,3.4
13155,0.0
13157,3.3
13159,0.0
13161,0.0
13163,6.1
13165,0.0
13167,0.0
13169,0.0
13171,0.0
13173,0.0
13175,6.3
13177,3.4
13179,1.6
13181,0.0
13183,0.0
13185,15.1
13187,0.0
13189,4.6
13191,0.0
13193,7.1
13195,0.0
13197,0.0
13199,4.7
13201,0.0
13205,0.0
13207,0.0
13209,0.0
13211,0.0
13213,0.0
13215,9.9
13217,11.7
13219,5.9
13221,0.0
13223,4.8
13225,14.8
13227,0.0
13229,5.3
13231,0.0
13233,2.4
13235,0.0
13237,0.0
13239,42.2
13241,0.0
13243,0.0
13245,20.3
13247,6.9
13249,0.0
13251,0.0
13253,0.0
13255,0.0
13257,0.0
13259,0.0
13261,3.2
13263,0.0
13265,0.0
13267,0.0
13269,0.0
13271,0.0
13273,11.1
13275,15.6
13277,5.0
13279,3.7
13281,0.0
13283,0.0
13285,1.4
13287,0.0
13289,0.0
13291,0.0
13293,0.0
13295,0.0
13297,0.0
13299,0.0
13301,0.0
13303,0.0
13305,3.3
13307,0.0
13309,0.0
13311,0.0
13313,2.9
13315,22.3
13317,0.0
13319,0.0
13321,9.4
15001,1.6
15003,5.8
15005,0.0
15007,0.0
15009,5.0
16001,1.0
16003,0.0
16005,0.0
16007,0.0
16009,0.0
16011,0.0
16013,4.7
16015,0.0
16017,0.0
16019,3.7
16021,0.0
16023,0.0
16025,0.0
16027,0.5
16029,0.0
16031,0.0
16033,0.0
16035,0.0
16037,0.0
16039,0.0
16041,0.0
16043,0.0
16045,0.0
16047,0.0
16049,0.0
16051,0.0
16053,0.0
16055,1.4
16057,0.0
16059,0.0
16061,0.0
16063,0.0
16065,0.0
16067,0.0
16069,0.0
16071,0.0
16073,0.0
16075,0.0
16077,0.0
16079,0.0
16081,0.0
16083,0.0
16085,0.0
16087,0.0
17001,0.0
17003,0.0
17005,0.0
17007,1.9
17009,0.0
17011,2.9
17013,0.0
17015,0.0
17017,0.0
17019,0.5
17021,0.0
17023,0.0
17025,0.0
17027,0.0
17029,1.9
17031,13.8
17033,0.0
17035,0.0
17037,0.0
17039,0.0
17041,0.0
17043,2.0
17045,0.0
17047,0.0
17049,0.0
17051,0.0
17053,0.0
17055,0.0
17057,0.0
17059,0.0
17061,0.0
17063,0.0
17065,0.0
17067,0.0
17069,0.0
17071,0.0
17073,2.0
17075,3.5
17077,10.0
17079,20.9
17081,2.6
17083,0.0
17085,0.0
17087,0.0
17089,2.3
17091,1.8
17093,0.8
17095,1.9
17097,1.7
17099,1.8
17101,0.0
17103,0.0
17105,0.0
17107,0.0
17109,0.0
17111,1.0
17113,1.7
17115,3.7
17117,0.0
17119,0.0
17121,0.0
17123,0.0
17125,0.0
17127,0.0
17129,0.0
17131,0.0
17133,3.0
17135,0.0
17137,0.0
17139,0.0
17141,0.0
17143,0.5
17145,0.0
17147,0.0
17149,6.2
17151,0.0
17153,0.0
17155,0.0
17157,3.0
17159,0.0
17161,6.1
17163,6.0
17165,0.0
17167,7.0
17169,0.0
17171,0.0
17173,0.0
17175,0.0
17177,4.3
17179,0.0
17181,0.0
17183,2.5
17185,0.0
17187,0.0
17189,0.0
17191,6.0
17193,0.0
17195,0.0
17197,1.8
17199,3.0
17201,1.0
17203,0.0
18001,0.0
18003,1.1
18005,1.3
18007,0.0
18009,0.0
18011,5.0
18013,0.0
18015,0.0
18017,0.0
18019,1.8
18021,0.0
18023,0.0
18025,0.0
18027,0.0
18029,2.0
18031,0.0
18033,0.0
18035,2.6
18037,0.0
18039,0.5
18041,0.0
18043,1.3
18045,0.0
18047,0.0
18049,0.0
18051,0.0
18053,0.0
18055,6.1
18057,1.7
18059,0.0
18061,0.0
18063,1.9
18065,2.0
18067,1.2
18069,0.0
18071,0.0
18073,6.0
18075,0.0
18077,0.0
18079,0.0
18081,0.7
18083,0.0
18085,1.3
18087,0.0
18089,4.9
18091,0.9
18093,2.2
18095,0.0
18097,10.3
18099,0.0
18101,0.0
18103,0.0
18105,0.7
18107,0.0
18109,1.4
18111,0.0
18113,4.2
18115,0.0
18117,0.0
18119,0.0
18121,0.0
18123,0.0
18125,0.0
18127,0.0
18129,0.0
18131,0.0
18133,0.0
18135,0.0
18137,0.0
18139,5.9
18141,0.4
18143,0.0
18145,0.0
18147,0.0
18149,0.0
18151,0.0
18153,0.0
18155,0.0
18157,2.8
18159,0.0
18161,0.0
18163,1.7
18165,0.0
18167,0.0
18169,0.0
18171,0.0
18173,0.0
18175,0.0
18177,0.0
18179,0.0
18181,0.0
18183,0.0
19001,0.0
19003,0.0
19005,0.0
19007,0.0
19009,0.0
19011,0.0
19013,3.0
19015,11.4
19017,0.0
19019,0.0
19021,0.0
19023,0.0
19025,0.0
19027,4.9
19029,0.0
19031,0.0
19033,2.3
19035,0.0
19037,0.0
19039,0.0
19041,0.0
19043,0.0
19045,4.1
19047,0.0
19049,1.3
19051,0.0
19053,0.0
19055,0.0
19057,0.0
19059,5.9
19061,1.0
19063,0.0
19065,0.0
19067,6.2
19069,9.5
19071,0.0
19073,0.0
19075,0.0
19077,0.0
19079,0.0
19081,0.0
19083,0.0
19085,0.0
19087,0.0
19089,0.0
19091,0.0
19093,0.0
19095,0.0
19097,0.0
19099,0.0
19101,0.0
19103,3.6
19105,0.0
19107,0.0
19109,0.0
19111,0.0
19113,1.9
19115,0.0
19117,0.0
19119,0.0
19121,0.0
19123,4.5
19125,3.0
19127,2.4
19129,6.7
19131,0.0
19133,0.0
19135,0.0
19137,0.0
19139,2.3
19141,0.0
19143,0.0
19145,0.0
19147,0.0
19149,8.0
19151,0.0
19153,4.4
19155,2.2
19157,0.0
19159,0.0
19161,0.0
19163,9.4
19165,0.0
19167,0.0
19169,0.0
19171,0.0
19173,0.0
19175,0.0
19177,0.0
19179,0.0
19181,0.0
19183,0.0
19185,0.0
19187,0.0
19189,0.0
19191,0.0
19193,2.0
19195,0.0
19197,0.0
20001,0.0
20003,0.0
20005,0.0
20007,20.2
20009,0.0
20011,0.0
20013,0.0
20015,0.0
20017,0.0
20019,0.0
20021,0.0
20023,0.0
20025,0.0
20027,0.0
20029,0.0
20031,0.0
20033,0.0
20035,0.0
20037,0.0
20039,0.0
20041,0.0
20043,0.0
20045,2.6
20047,0.0
20049,0.0
20051,3.4
20053,0.0
20055,0.0
20057,0.0
20059,0.0
20061,0.0
20063,0.0
20065,0.0
20067,0.0
20069,0.0
20071,77.5
20073,0.0
20075,0.0
20077,0.0
20079,0.0
20081,0.0
20083,0.0
20085,0.0
20087,0.0
20089,0.0
20091,1.2
20093,0.0
20095,0.0
20097,0.0
20099,0.0
20101,0.0
20103,2.6
20105,0.0
20107,0.0
20109,0.0
20111,6.0
20113,3.4
20115,0.0
20117,0.0
20119,0.0
20121,3.0
20123,0.0
20125,2.9
20127,17.4
20129,0.0
20131,0.0
20133,6.1
20135,0.0
20137,0.0
20139,0.0
20141,0.0
20143,0.0
20145,0.0
20147,0.0
20149,0.0
20151,0.0
20153,0.0
20155,0.0
20157,0.0
20159,0.0
20161,1.3
20163,0.0
20165,0.0
20167,0.0
20169,1.8
20171,0.0
20173,2.4
20175,0.0
20177,3.9
20179,0.0
20181,0.0
20183,0.0
20185,0.0
20187,0.0
20189,0.0
20191,0.0
20193,0.0
20195,0.0
20197,0.0
20199,0.0
20201,0.0
20203,0.0
20205,0.0
20207,0.0
20209,10.6
21001,0.0
21003,0.0
21005,0.0
21007,0.0
21009,0.0
21011,0.0
21013,0.0
21015,2.4
21017,0.0
21019,2.0
21021,0.0
21023,0.0
21025,0.0
21027,0.0
21029,2.6
21031,0.0
21033,0.0
21035,0.0
21037,3.3
21039,0.0
21041,9.1
21043,3.7
21045,0.0
21047,0.0
21049,0.0
21051,0.0
21053,0.0
21055,0.0
21057,0.0
21059,0.0
21061,8.3
21063,0.0
21065,0.0
21067,9.1
21069,0.0
21071,0.0
21073,4.0
21075,0.0
21077,0.0
21079,0.0
21081,0.0
21083,2.7
21085,3.8
21087,0.0
21089,0.0
21091,0.0
21093,0.0
21095,0.0
21097,0.0
21099,0.0
21101,4.3
21103,0.0
21105,0.0
21107,2.1
21109,0.0
21111,9.8
21113,8.0
21115,4.3
21117,5.5
21119,0.0
21121,3.1
21123,0.0
21125,3.4
21127,0.0
21129,0.0
21131,0.0
21133,0.0
21135,0.0
21137,4.1
21139,0.0
21141,0.0
21143,0.0
21145,0.0
21147,5.6
21149,0.0
21151,2.3
21153,0.0
21155,0.0
21157,6.4
21159,0.0
21161,0.0
21163,3.4
21165,15.9
21167,0.0
21169,0.0
21171,0.0
21173,3.7
21175,0.0
21177,0.0
21179,2.2
21181,0.0
21183,0.0
21185,0.0
21187,0.0
21189,0.0
21191,0.0
21193,0.0
21195,0.0
21197,0.0
21199,1.6
21201,0.0
21203,0.0
21205,4.3
21207,5.6
21209,2.0
21211,2.3
21213,0.0
21215,17.0
21217,0.0
21219,0.0
21221,0.0
21223,0.0
21225,0.0
21227,1.7
21229,0.0
21231,0.0
21233,0.0
21235,0.0
21237,0.0
21239,0.0
22001,3.2
22003,0.0
22005,1.7
22007,8.6
22009,2.4
22011,0.0
22013,7.2
22015,11.3
22017,28.6
22019,2.6
22021,10.0
22023,0.0
22025,0.0
22027,6.0
22029,0.0
22031,14.8
22033,16.4
22035,13.3
22037,5.1
22039,6.0
22041,9.7
22043,0.0
22045,13.5
22047,9.0
22049,6.2
22051,11.5
22053,3.2
22055,6.9
22057,13.4
22059,6.8
22061,12.7
22063,1.5
22065,0.0
22067,7.4
22069,15.3
22071,39.1
22073,23.7
22075,8.5
22077,0.0
22079,6.0
22081,45.0
22083,19.2
22085,0.0
22087,9.2
22089,9.5
22091,9.2
22093,9.2
22095,16.0
22097,7.2
22099,5.7
22101,7.5
22103,1.2
22105,6.4
22107,0.0
22109,16.9
22111,4.5
22113,6.8
22115,0.0
22117,0.0
22119,17.2
22121,4.1
22123,0.0
22125,6.5
22127,0.0
23001,0.9
23003,0.0
23005,1.4
23007,0.0
23009,0.0
23011,0.8
23013,0.0
23015,0.0
23017,0.0
23019,2.6
23021,0.0
23023,2.9
23025,1.9
23027,2.6
23029,6.2
23031,0.5
24001,0.0
24003,4.7
24005,5.6
24009,1.1
24011,0.0
24013,1.2
24015,3.9
24017,3.3
24019,0.0
24021,1.2
24023,0.0
24025,2.8
24027,3.0
24029,0.0
24031,3.0
24033,12.5
24035,0.0
24037,1.8
24039,3.8
24041,2.6
24043,3.3
24045,3.0
24047,0.0
24510,30.9
25001,3.3
25003,1.5
25005,4.0
25007,0.0
25009,2.4
25011,2.8
25013,4.1
25015,1.9
25017,4.3
25019,0.0
25021,4.7
25023,1.2
25025,11.4
25027,2.8
26001,0.0
26003,0.0
26005,2.7
26007,0.0
26009,0.0
26011,0.0
26013,0.0
26015,0.0
26017,0.9
26019,0.0
26021,2.6
26023,6.9
26025,3.0
26027,0.0
26029,0.0
26031,0.0
26033,0.0
26035,0.0
26037,0.0
26039,0.0
26041,0.0
26043,0.0
26045,0.9
26047,0.0
26049,2.2
26051,0.0
26053,0.0
26055,2.2
26057,0.0
26059,2.2
26061,0.0
26063,0.0
26065,3.5
26067,0.0
26069,0.0
26071,0.0
26073,1.4
26075,3.1
26077,3.1
26079,0.0
26081,1.4
26083,0.0
26085,0.0
26087,1.1
26089,0.0
26091,2.0
26093,1.6
26095,0.0
26097,0.0
26099,2.9
26101,0.0
26103,0.0
26105,0.0
26107,2.3
26109,0.0
26111,1.2
26113,6.6
26115,0.7
26117,0.0
26119,0.0
26121,2.3
26123,2.1
26125,5.8
26127,0.0
26129,0.0
26131,0.0
26133,0.0
26135,0.0
26137,0.0
26139,1.8
26141,0.0
26143,0.0
26145,2.0
26147,1.9
26149,0.0
26151,0.0
26153,0.0
26155,0.0
26157,0.0
26159,0.0
26161,6.5
26163,12.0
26165,0.0
27001,0.0
27003,3.2
27005,0.0
27007,2.2
27009,2.6
27011,0.0
27013,1.5
27015,3.9
27017,0.0
27019,1.0
27021,0.0
27023,0.0
27025,1.9
27027,0.0
27029,0.0
27031,0.0
27033,0.0
27035,0.0
27037,3.4
27039,0.0
27041,0.0
27043,0.0
27045,0.0
27047,0.0
27049,0.0
27051,16.7
27053,13.9
27055,0.0
27057,0.0
27059,0.0
27061,0.0
27063,0.0
27065,0.0
27067,0.0
27069,22.2
27071,0.0
27073,0.0
27075,0.0
27077,0.0
27079,0.0
27081,0.0
27083,0.0
27085,0.0
27087,0.0
27089,0.0
27091,0.0
27093,0.0
27095,0.0
27097,0.0
27099,0.0
27101,0.0
27103,0.0
27105,0.0
27107,0.0
27109,1.3
27111,0.0
27113,0.0
27115,0.0
27117,0.0
27119,0.0
27121,0.0
27123,7.6
27125,0.0
27127,0.0
27129,0.0
27131,0.0
27133,0.0
27135,0.0
27137,1.5
27139,1.5
27141,0.0
27143,0.0
27145,0.7
27147,2.7
27149,0.0
27151,0.0
27153,0.0
27155,0.0
27157,0.0
27159,0.0
27161,5.2
27163,1.2
27165,0.0
27167,0.0
27169,0.0
27171,3.1
27173,0.0
28001,3.1
28003,0.0
28005,15.5
28007,0.0
28009,0.0
28011,0.0
28013,0.0
28015,0.0
28017,5.8
28019,0.0
28021,0.0
28023,12.2
28025,4.9
28027,4.0
28029,17.3
28031,5.1
28033,4.2
28035,26.0
28037,12.6
28039,0.0
28041,7.0
28043,4.6
28045,2.2
28047,6.1
28049,21.6
28051,10.9
28053,0.0
28055,0.0
28057,0.0
28059,4.3
28061,0.0
28063,13.1
28065,25.1
28067,5.8
28069,9.7
28071,0.0
28073,6.8
28075,3.7
28077,8.0
28079,0.0
28081,1.2
28083,0.0
28085,2.9
28087,5.0
28089,6.0
28091,3.8
28093,2.7
28095,0.0
28097,0.0
28099,6.8
28101,9.2
28103,9.0
28105,20.4
28107,0.0
28109,1.8
28111,0.0
28113,10.0
28115,0.0
28117,3.9
28119,0.0
28121,4.1
28123,0.0
28125,0.0
28127,3.6
28129,0.0
28131,0.0
28133,7.1
28135,13.3
28137,0.0
28139,4.5
28141,0.0
28143,0.0
28145,0.0
28147,0.0
28149,8.3
28151,4.0
28153,0.0
28155,0.0
28157,10.7
28159,0.0
28161,0.0
28163,3.6
29001,3.9
29003,0.0
29005,0.0
29007,0.0
29009,0.0
29011,0.0
29013,0.0
29015,0.0
29017,0.0
29019,1.2
29021,1.1
29023,0.0
29025,0.0
29027,0.0
29029,2.3
29031,1.3
29033,0.0
29035,0.0
29037,3.0
29039,0.0
29041,0.0
29043,0.0
29045,0.0
29047,6.5
29049,4.9
29051,0.0
29053,5.7
29055,0.0
29057,0.0
29059,0.0
29061,0.0
29063,0.0
29065,0.0
29067,0.0
29069,0.0
29071,0.0
29073,0.0
29075,0.0
29077,2.1
29079,0.0
29081,0.0
29083,0.0
29085,0.0
29087,0.0
29089,0.0
29091,2.5
29093,0.0
29095,25.4
29097,0.9
29099,0.9
29101,0.0
29103,0.0
29105,0.0
29107,0.0
29109,2.6
29111,0.0
29113,1.9
29115,0.0
29117,0.0
29119,0.0
29121,0.0
29123,0.0
29125,0.0
29127,0.0
29129,0.0
29131,0.0
29133,0.0
29135,0.0
29137,0.0
29139,0.0
29141,0.0
29143,0.0
29145,0.0
29147,4.3
29149,0.0
29151,0.0
29153,10.5
29155,0.0
29157,0.0
29159,0.0
29161,2.2
29163,0.0
29165,1.1
29167,0.0
29169,0.0
29171,0.0
29173,0.0
29175,0.0
29177,0.0
29179,0.0
29181,0.0
29183,1.6
29185,0.0
29186,0.0
29187,3.0
29189,4.5
29195,0.0
29197,0.0
29199,0.0
29201,0.0
29203,0.0
29205,0.0
29207,0.0
29209,0.0
29211,0.0
29213,1.9
29215,0.0
29217,4.8
29219,0.0
29221,0.0
29223,0.0
29225,0.0
29227,0.0
29229,0.0
29510,25.8
30001,0.0
30003,0.0
30005,0.0
30007,0.0
30009,0.0
30011,0.0
30013,0.0
30015,0.0
30017,0.0
30019,0.0
30021,0.0
30023,0.0
30025,0.0
30027,0.0
30029,5.4
30031,0.0
30033,0.0
30035,0.0
30037,0.0
30039,0.0
30041,0.0
30043,0.0
30045,0.0
30047,0.0
30049,0.0
30051,0.0
30053,0.0
30055,0.0
30057,0.0
30059,0.0
30061,0.0
30063,0.0
30065,0.0
30067,0.0
30069,0.0
30071,0.0
30073,0.0
30075,0.0
30077,0.0
30079,0.0
30081,0.0
30083,0.0
30085,9.0
30087,0.0
30089,0.0
30091,0.0
30093,0.0
30095,0.0
30097,0.0
30099,0.0
30101,0.0
30103,0.0
30105,0.0
30107,0.0
30109,0.0
30111,1.3
31001,0.0
31003,0.0
31005,0.0
31007,0.0
31009,0.0
31011,0.0
31013,0.0
31015,0.0
31017,0.0
31019,2.1
31021,0.0
31023,0.0
31025,0.0
31027,0.0
31029,0.0
31031,0.0
31033,0.0
31035,0.0
31037,0.0
31039,0.0
31041,0.0
31043,0.0
31045,0.0
31047,4.1
31049,0.0
31051,0.0
31053,2.7
31055,7.4
31057,0.0
31059,0.0
31061,0.0
31063,0.0
31065,0.0
31067,0.0
31069,0.0
31071,0.0
31073,0.0
31075,0.0
31077,0.0
31079,0.0
31081,0.0
31083,0.0
31085,0.0
31087,0.0
31089,0.0
31091,0.0
31093,0.0
31095,0.0
31097,0.0
31099,0.0
31101,0.0
31103,0.0
31105,0.0
31107,0.0
31109,1.7
31111,0.0
31113,0.0
31115,0.0
31117,0.0
31119,0.0
31121,0.0
31123,0.0
31125,0.0
31127,0.0
31129,0.0
31131,0.0
31133,0.0
31135,0.0
31137,0.0
31139,0.0
31141,0.0
31143,0.0
31145,0.0
31147,0.0
31149,0.0
31151,0.0
31153,0.0
31155,0.0
31157,2.7
31159,0.0
31161,19.0
31163,0.0
31165,0.0
31167,0.0
31169,0.0
31171,0.0
31173,0.0
31175,0.0
31177,0.0
31179,0.0
31181,0.0
31183,0.0
31185,0.0
32001,12.5
32003,15.7
32005,0.0
32007,0.0
32009,0.0
32011,0.0
32013,0.0
32015,0.0
32017,0.0
32019,1.9
32021,0.0
32023,7.1
32027,0.0
32029,0.0
32031,6.5
32033,0.0
32510,7.4
33001,0.0
33003,0.0
33005,0.0
33007,0.0
33009,2.2
33011,3.0
33013,1.4
33015,5.3
33017,1.6
33019,4.7
34001,2.2
34003,3.0
34005,2.0
34007,5.8
34009,0.0
34011,2.5
34013,6.8
34015,2.4
34017,10.9
34019,2.4
34021,1.9
34023,0.8
34025,2.1
34027,1.2
34029,0.7
34031,4.4
34033,3.1
34035,2.1
34037,0.7
34039,2.6
34041,0.9
35001,9.8
35003,0.0
35005,0.0
35006,3.7
35007,0.0
35009,7.9
35011,0.0
35013,4.2
35015,1.8
35017,0.0
35019,0.0
35021,0.0
35023,0.0
35025,10.3
35027,0.0
35028,0.0
35029,4.1
35031,10.9
35033,0.0
35035,0.0
35037,0.0
35039,0.0
35041,5.0
35043,3.7
35045,4.0
35047,10.5
35049,4.7
35051,8.6
35053,0.0
35055,0.0
35057,12.7
35059,0.0
35061,6.6
36001,6.5
36003,0.0
36005,19.9
36007,3.0
36009,2.5
36011,0.0
36013,3.0
36015,1.1
36017,2.0
36019,3.7
36021,3.2
36023,10.2
36025,0.0
36027,2.0
36029,5.0
36031,0.0
36033,0.0
36035,1.8
36037,0.0
36039,12.4
36041,0.0
36043,1.6
36045,2.5
36047,13.4
36049,7.4
36051,9.3
36053,5.5
36055,4.5
36057,4.0
36059,3.8
36061,30.6
36063,1.4
36065,0.4
36067,8.5
36069,1.8
36071,2.4
36073,0.0
36075,0.8
36077,3.2
36079,1.0
36081,8.1
36083,6.3
36085,2.8
36087,1.2
36089,1.8
36091,0.9
36093,5.2
36095,6.3
36097,0.0
36099,0.0
36101,0.0
36103,3.5
36105,0.0
36107,6.0
36109,8.7
36111,1.1
36113,1.5
36115,0.0
36117,0.0
36119,4.1
36121,0.0
36123,0.0
37001,4.5
37003,0.0
37005,0.0
37007,0.0
37009,0.0
37011,0.0
37013,8.4
37015,0.0
37017,11.5
37019,1.7
37021,2.8
37023,2.2
37025,2.1
37027,0.0
37029,0.0
37031,0.0
37033,0.0
37035,1.3
37037,3.0
37039,0.0
37041,0.0
37043,0.0
37045,2.1
37047,0.0
37049,3.8
37051,18.1
37053,0.0
37055,0.0
37057,2.4
37059,0.0
37061,3.3
37063,16.3
37065,9.0
37067,9.4
37069,6.4
37071,2.9
37073,8.6
37075,0.0
37077,1.7
37079,18.8
37081,7.9
37083,1.9
37085,5.6
37087,3.4
37089,1.8
37091,16.4
37093,1.9
37095,0.0
37097,0.6
37099,0.0
37101,5.6
37103,0.0
37105,1.7
37107,20.4
37109,2.5
37111,0.0
37113,0.0
37115,4.8
37117,8.4
37119,18.3
37121,0.0
37123,0.0
37125,2.2
37127,11.6
37129,4.7
37131,4.8
37133,3.2
37135,8.5
37137,0.0
37139,2.5
37141,1.8
37143,0.0
37145,2.5
37147,12.6
37149,4.9
37151,0.7
37153,2.2
37155,10.4
37157,3.3
37159,4.3
37161,0.0
37163,10.9
37165,2.8
37167,8.2
37169,0.0
37171,0.0
37173,0.0
37175,3.0
37177,0.0
37179,2.8
37181,22.3
37183,11.8
37185,9.7
37187,0.0
37189,3.8
37191,5.6
37193,0.0
37195,11.0
37197,0.0
37199,5.7
38001,0.0
38003,0.0
38005,0.0
38007,0.0
38009,0.0
38011,0.0
38013,0.0
38015,0.0
38017,1.2
38019,0.0
38021,0.0
38023,0.0
38025,0.0
38027,0.0
38029,0.0
38031,0.0
38033,0.0
38035,0.0
38037,0.0
38039,0.0
38041,0.0
38043,0.0
38045,0.0
38047,0.0
38049,0.0
38051,0.0
38053,0.0
38055,0.0
38057,0.0
38059,0.0
38061,0.0
38063,0.0
38065,0.0
38067,0.0
38069,0.0
38071,0.0
38073,0.0
38075,0.0
38077,0.0
38079,0.0
38081,0.0
38083,0.0
38085,203.2
38087,0.0
38089,0.0
38091,0.0
38093,0.0
38095,0.0
38097,0.0
38099,0.0
38101,2.9
38103,0.0
38105,0.0
39001,0.0
39003,0.9
39005,1.9
39007,0.0
39009,0.0
39011,0.0
39013,0.0
39015,0.0
39017,3.8
39019,0.0
39021,0.0
39023,7.3
39025,0.5
39027,4.8
39029,0.9
39031,2.7
39033,2.3
39035,5.7
39037,0.0
39039,0.0
39041,1.1
39043,0.0
39045,3.4
39047,0.0
39049,19.1
39051,0.0
39053,0.0
39055,0.0
39057,1.2
39059,0.0
39061,15.0
39063,0.0
39065,0.0
39067,0.0
39069,0.0
39071,0.0
39073,3.5
39075,0.0
39077,0.0
39079,3.1
39081,0.0
39083,1.6
39085,0.9
39087,4.8
39089,3.0
39091,4.4
39093,2.0
39095,7.1
39097,0.0
39099,2.1
39101,0.0
39103,0.0
39105,0.0
39107,0.0
39109,0.0
39111,0.0
39113,2.8
39115,0.0
39117,2.9
39119,0.0
39121,0.0
39123,0.0
39125,0.0
39127,0.0
39129,3.6
39131,0.0
39133,0.6
39135,2.4
39137,0.0
39139,0.8
39141,1.3
39143,0.0
39145,0.0
39147,0.0
39149,4.1
39151,0.8
39153,1.3
39155,1.9
39157,0.0
39159,3.8
39161,0.0
39163,0.0
39165,0.5
39167,0.0
39169,0.9
39171,0.0
39173,2.3
39175,0.0
40001,0.0
40003,0.0
40005,0.0
40007,0.0
40009,0.0
40011,0.0
40013,0.0
40015,3.4
40017,1.6
40019,4.1
40021,2.1
40023,0.0
40025,0.0
40027,3.3
40029,0.0
40031,7.2
40033,0.0
40035,0.0
40037,0.0
40039,0.0
40041,2.4
40043,0.0
40045,0.0
40047,4.8
40049,0.0
40051,1.9
40053,0.0
40055,0.0
40057,0.0
40059,0.0
40061,7.7
40063,0.0
40065,0.0
40067,0.0
40069,0.0
40071,2.2
40073,0.0
40075,0.0
40077,9.3
40079,0.0
40081,0.0
40083,2.3
40085,0.0
40087,2.7
40089,0.0
40091,0.0
40093,0.0
40095,0.0
40097,7.4
40099,7.3
40101,2.8
40103,0.0
40105,0.0
40107,0.0
40109,10.2
40111,10.1
40113,0.0
40115,0.0
40117,0.0
40119,3.8
40121,2.2
40123,2.6
40125,2.8
40127,0.0
40129,0.0
40131,0.0
40133,0.0
40135,0.0
40137,2.2
40139,0.0
40141,0.0
40143,3.5
40145,0.0
40147,0.0
40149,0.0
40151,0.0
40153,0.0
41001,0.0
41003,4.6
41005,2.6
41007,2.7
41009,0.0
41011,0.0
41013,4.8
41015,0.0
41017,1.8
41019,14.0
41021,0.0
41023,0.0
41025,0.0
41027,0.0
41029,4.8
41031,0.0
41033,8.4
41035,0.0
41037,0.0
41039,5.1
41041,2.2
41043,4.2
41045,0.0
41047,4.9
41049,0.0
41051,18.3
41053,5.2
41055,0.0
41057,7.9
41059,0.0
41061,0.0
41063,0.0
41065,3.9
41067,5.6
41069,0.0
41071,3.0
42001,0.0
42003,5.5
42005,0.0
42007,0.6
42009,2.0
42011,1.5
42013,0.8
42015,0.0
42017,1.6
42019,2.7
42021,0.7
42023,0.0
42025,1.5
42027,1.3
42029,1.4
42031,0.0
42033,0.0
42035,0.0
42037,0.0
42039,2.3
42041,1.2
42043,4.4
42045,3.4
42047,0.0
42049,5.4
42051,0.7
42053,0.0
42055,1.3
42057,0.0
42059,0.0
42061,2.2
42063,0.0
42065,2.2
42067,0.0
42069,0.0
42071,2.1
42073,0.0
42075,0.0
42077,2.3
42079,0.6
42081,3.4
42083,2.3
42085,0.0
42087,0.0
42089,1.2
42091,2.1
42093,0.0
42095,1.3
42097,2.1
42099,4.4
42101,19.8
42103,0.0
42105,0.0
42107,2.0
42109,2.5
42111,1.3
42113,0.0
42115,0.0
42117,0.0
42119,0.0
42121,1.9
42123,0.0
42125,0.5
42127,1.9
42129,0.6
42131,0.0
42133,0.5
44001,4.1
44003,3.6
44005,6.1
44007,8.7
44009,2.4
45001,0.0
45003,5.5
45005,0.0
45007,1.6
45009,6.5
45011,4.5
45013,2.3
45015,2.6
45017,0.0
45019,2.1
45021,0.0
45023,6.1
45025,0.0
45027,2.9
45029,5.3
45031,1.5
45033,12.8
45035,0.7
45037,0.0
45039,4.3
45041,5.8
45043,5.0
45045,8.0
45047,2.9
45049,0.0
45051,2.1
45053,11.3
45055,1.6
45057,2.5
45059,4.5
45061,10.9
45063,5.1
45065,0.0
45067,0.0
45069,3.6
45071,0.0
45073,2.7
45075,5.5
45077,3.3
45079,19.0
45081,5.0
45083,4.1
45085,10.2
45087,0.0
45089,9.1
45091,4.2
46003,0.0
46005,0.0
46007,0.0
46009,0.0
46011,0.0
46013,0.0
46015,0.0
46017,0.0
46019,0.0
46021,0.0
46023,0.0
46025,0.0
46027,0.0
46029,0.0
46031,735.5
46033,0.0
46035,5.0
46037,0.0
46039,0.0
46041,125.3
46043,0.0
46045,0.0
46047,0.0
46049,0.0
46051,0.0
46053,0.0
46055,0.0
46057,0.0
46059,0.0
46061,0.0
46063,0.0
46065,0.0
46067,0.0
46069,0.0
46071,0.0
46073,0.0
46075,0.0
46077,0.0
46079,0.0
46081,0.0
46083,0.0
46085,25.7
46087,0.0
46089,0.0
46091,21.0
46093,0.0
46095,0.0
46097,0.0
46099,3.3
46101,0.0
46103,0.0
46105,0.0
46107,0.0
46109,0.0
46111,0.0
46113,0.0
46115,0.0
46117,0.0
46119,0.0
46121,0.0
46123,0.0
46125,0.0
46127,6.7
46129,90.5
46135,0.0
46137,0.0
47001,1.3
47003,0.0
47005,0.0
47007,0.0
47009,1.6
47011,2.0
47013,0.0
47015,0.0
47017,0.0
47019,1.7
47021,0.0
47023,0.0
47025,0.0
47027,0.0
47029,0.0
47031,0.0
47033,0.0
47035,3.5
47037,8.8
47039,0.0
47041,0.0
47043,0.0
47045,0.0
47047,7.8
47049,0.0
47051,2.4
47053,0.0
47055,3.5
47057,0.0
47059,0.0
47061,0.0
47063,0.0
47065,6.9
47067,0.0
47069,0.0
47071,0.0
47073,1.8
47075,5.5
47077,0.0
47079,0.0
47081,0.0
47083,0.0
47085,0.0
47087,0.0
47089,1.9
47091,0.0
47093,4.9
47095,0.0
47097,0.0
47099,0.0
47101,0.0
47103,3.0
47105,2.0
47107,3.8
47109,0.0
47111,0.0
47113,2.0
47115,0.0
47117,0.0
47119,0.0
47121,0.0
47123,2.2
47125,3.8
47127,0.0
47129,0.0
47131,6.4
47133,0.0
47135,0.0
47137,0.0
47139,0.0
47141,0.0
47143,3.1
47145,1.9
47147,1.5
47149,4.3
47151,0.0
47153,0.0
47155,2.1
47157,8.3
47159,0.0
47161,0.0
47163,0.0
47165,0.0
47167,1.6
47169,0.0
47171,0.0
47173,0.0
47175,0.0
47177,0.0
47179,1.6
47181,0.0
47183,0.0
47185,0.0
47187,1.0
47189,0.8
48001,0.0
48003,0.0
48005,0.0
48007,28.7
48009,0.0
48011,0.0
48013,6.4
48015,0.0
48017,14.1
48019,0.0
48021,4.0
48023,0.0
48025,0.0
48027,7.6
48029,12.5
48031,0.0
48033,0.0
48035,5.6
48037,2.1
48039,1.8
48041,7.9
48043,0.0
48045,0.0
48047,0.0
48049,0.0
48051,11.6
48053,0.0
48055,15.3
48057,4.6
48059,0.0
48061,0.7
48063,8.1
48065,0.0
48067,0.0
48069,0.0
48071,2.7
48073,2.0
48075,0.0
48077,9.5
48079,0.0
48081,0.0
48083,0.0
48085,1.1
48087,0.0
48089,4.8
48091,5.9
48093,0.0
48095,0.0
48097,0.0
48099,1.3
48101,0.0
48103,0.0
48105,0.0
48107,0.0
48109,0.0
48111,0.0
48113,12.1
48115,0.0
48117,20.9
48119,0.0
48121,2.7
48123,0.0
48125,0.0
48127,0.0
48129,0.0
48131,0.0
48133,0.0
48135,2.7
48137,0.0
48139,1.9
48141,3.6
48143,0.0
48145,0.0
48147,5.9
48149,0.0
48151,0.0
48153,0.0
48155,0.0
48157,3.7
48159,0.0
48161,0.0
48163,5.5
48165,0.0
48167,2.6
48169,0.0
48171,0.0
48173,0.0
48175,0.0
48177,0.0
48179,0.0
48181,0.0
48183,7.3
48185,3.7
48187,4.2
48189,2.8
48191,0.0
48193,0.0
48195,0.0
48197,0.0
48199,1.8
48201,8.4
48203,1.5
48205,0.0
48207,0.0
48209,7.4
48211,0.0
48213,0.0
48215,1.0
48217,0.0
48219,4.2
48221,1.9
48223,2.8
48225,4.4
48227,0.0
48229,0.0
48231,1.1
48233,0.0
48235,0.0
48237,0.0
48239,0.0
48241,2.8
48243,0.0
48245,8.3
48247,0.0
48249,2.4
48251,1.9
48253,0.0
48255,0.0
48257,0.9
48259,2.6
48261,0.0
48263,0.0
48265,2.0
48267,0.0
48269,0.0
48271,0.0
48273,6.2
48275,0.0
48277,0.0
48279,0.0
48281,4.9
48283,0.0
48285,0.0
48287,0.0
48289,11.9
48291,0.0
48293,0.0
48295,0.0
48297,0.0
48299,0.0
48301,0.0
48303,2.4
48305,0.0
48307,0.0
48309,0.4
48311,0.0
48313,7.3
48315,0.0
48317,0.0
48319,0.0
48321,0.0
48323,1.8
48325,2.1
48327,0.0
48329,2.0
48331,0.0
48333,0.0
48335,0.0
48337,0.0
48339,1.6
48341,0.0
48343,0.0
48345,0.0
48347,4.6
48349,8.3
48351,7.1
48353,0.0
48355,5.7
48357,0.0
48359,0.0
48361,0.0
48363,0.0
48365,4.2
48367,1.6
48369,10.0
48371,0.0
48373,2.2
48375,2.5
48377,0.0
48379,0.0
48381,0.0
48383,0.0
48385,0.0
48387,0.0
48389,0.0
48391,0.0
48393,0.0
48395,12.1
48397,5.9
48399,0.0
48401,0.0
48403,0.0
48405,0.0
48407,0.0
48409,12.1
48411,0.0
48413,0.0
48415,0.0
48417,0.0
48419,7.8
48421,0.0
48423,0.9
48425,0.0
48427,0.0
48429,0.0
48431,0.0
48433,0.0
48435,0.0
48437,0.0
48439,8.6
48441,0.0
48443,0.0
48445,0.0
48447,0.0
48449,0.0
48451,0.9
48453,17.2
48455,0.0
48457,0.0
48459,2.5
48461,0.0
48463,0.0
48465,2.1
48467,0.0
48469,6.7
48471,10.2
48473,2.2
48475,0.0
48477,0.0
48479,0.4
48481,2.4
48483,0.0
48485,2.3
48487,0.0
48489,4.6
48491,2.5
48493,4.4
48495,0.0
48497,0.0
48499,0.0
48501,0.0
48503,0.0
48505,0.0
48507,0.0
49001,0.0
49003,0.0
49005,0.0
49007,0.0
49009,0.0
49011,0.6
49013,0.0
49015,0.0
49017,0.0
49019,0.0
49021,0.0
49023,0.0
49025,0.0
49027,0.0
49029,0.0
49031,0.0
49033,0.0
49035,3.6
49037,0.0
49039,0.0
49041,0.0
49043,0.0
49045,0.0
49047,0.0
49049,0.4
49051,0.0
49053,0.0
49055,0.0
49057,0.8
50001,0.0
50003,2.7
50005,0.0
50007,2.5
50009,0.0
50011,0.0
50013,0.0
50015,0.0
50017,0.0
50019,0.0
50021,0.0
50023,0.0
50025,0.0
50027,0.0
51001,3.0
51003,1.0
51005,0.0
51007,0.0
51009,0.0
51011,0.0
51013,5.8
51015,1.4
51017,0.0
51019,2.6
51021,0.0
51023,3.0
51025,0.0
51027,4.2
51029,0.0
51031,7.2
51033,0.0
51035,0.0
51036,0.0
51037,0.0
51041,2.1
51043,0.0
51045,0.0
51047,0.0
51049,0.0
51051,0.0
51053,7.2
51057,17.8
51059,1.6
51061,0.0
51063,0.0
51065,0.0
51067,3.6
51069,1.2
51071,0.0
51073,2.7
51075,0.0
51077,0.0
51079,0.0
51081,0.0
51083,0.0
51085,1.0
51087,5.3
51089,1.9
51091,0.0
51093,8.4
51095,2.8
51097,0.0
51099,4.0
51101,6.2
51103,0.0
51105,0.0
51107,1.7
51109,5.9
51111,0.0
51113,0.0
51115,0.0
51117,3.2
51119,0.0
51121,0.0
51125,0.0
51127,5.1
51131,0.0
51133,0.0
51135,19.0
51137,0.0
51139,0.0
51141,0.0
51143,4.8
51145,0.0
51147,0.0
51149,2.7
51153,3.0
51155,5.8
51157,0.0
51159,0.0
51161,6.4
51163,0.0
51165,0.0
51167,0.0
51169,0.0
51171,0.0
51173,3.2
51175,0.0
51177,2.4
51179,2.9
51181,0.0
51183,0.0
51185,0.0
51187,5.2
51191,1.8
51193,0.0
51195,2.5
51197,0.0
51199,0.0
51510,8.7
51515,2.64
51520,0.0
51530,0.0
51540,6.8
51550,3.9
51570,5.7
51580,0.0
51590,0.0
51595,0.0
51600,0.0
51610,7.4
51620,0.0
51630,0.0
51640,0.0
51650,12.4
51660,3.9
51670,4.5
51678,0.0
51680,6.4
51683,2.4
51685,6.2
51690,0.0
51700,9.9
51710,5.3
51720,0.0
51730,6.1
51735,0.0
51740,7.3
51750,0.0
51760,15.9
51770,12.2
51775,4.0
51790,0.0
51800,3.5
51810,2.5
51820,0.0
51830,0.0
51840,3.7
53001,10.5
53003,0.0
53005,9.8
53007,0.0
53009,1.4
53011,4.7
53013,24.8
53015,7.9
53017,0.0
53019,0.0
53021,6.9
53023,0.0
53025,4.4
53027,4.2
53029,2.5
53031,0.0
53033,8.6
53035,2.4
53037,2.4
53039,0.0
53041,1.3
53043,0.0
53045,0.0
53047,0.0
53049,0.0
53051,0.0
53053,3.8
53055,0.0
53057,1.7
53059,8.9
53061,3.8
53063,2.3
53065,0.0
53067,0.8
53069,0.0
53071,1.7
53073,1.0
53075,2.1
53077,6.1
54001,0.0
54003,1.8
54005,0.0
54007,0.0
54009,0.0
54011,12.4
54013,0.0
54015,0.0
54017,0.0
54019,2.2
54021,0.0
54023,0.0
54025,2.8
54027,0.0
54029,3.3
54031,0.0
54033,1.4
54035,0.0
54037,0.0
54039,1.0
54041,0.0
54043,0.0
54045,0.0
54047,0.0
54049,0.0
54051,0.0
54053,0.0
54055,0.0
54057,0.0
54059,0.0
54061,5.9
54063,0.0
54065,0.0
54067,0.0
54069,0.0
54071,0.0
54073,0.0
54075,0.0
54077,0.0
54079,0.0
54081,1.3
54083,0.0
54085,0.0
54087,0.0
54089,0.0
54091,0.0
54093,0.0
54095,0.0
54097,0.0
54099,0.0
54101,0.0
54103,0.0
54105,0.0
54107,0.0
54109,4.3
55001,0.0
55003,0.0
55005,0.0
55007,0.0
55009,0.0
55011,0.0
55013,0.0
55015,0.0
55017,1.6
55019,0.0
55021,0.0
55023,0.0
55025,2.4
55027,0.0
55029,0.0
55031,0.0
55033,0.0
55035,3.0
55037,0.0
55039,1.0
55041,0.0
55043,0.0
55045,0.0
55047,0.0
55049,4.2
55051,0.0
55053,0.0
55055,1.2
55057,0.0
55059,1.2
55061,0.0
55063,2.6
55065,0.0
55067,0.0
55069,0.0
55071,1.2
55073,0.7
55075,0.0
55077,0.0
55078,0.0
55079,5.0
55081,0.0
55083,0.0
55085,0.0
55087,0.0
55089,2.3
55091,0.0
55093,0.0
55095,0.0
55097,0.0
55099,0.0
55101,1.5
55103,0.0
55105,0.6
55107,0.0
55109,0.0
55111,0.0
55113,0.0
55115,0.0
55117,0.9
55119,0.0
55121,10.1
55123,0.0
55125,0.0
55127,0.0
55129,0.0
55131,0.8
55133,0.3
55135,0.0
55137,0.0
55139,0.0
55141,0.0
56001,0.0
56003,0.0
56005,0.0
56007,0.0
56009,0.0
56011,0.0
56013,0.0
56015,0.0
56017,0.0
56019,0.0
56021,2.1
56023,0.0
56025,0.0
56027,0.0
56029,0.0
56031,0.0
56033,0.0
56035,0.0
56037,0.0
56039,9.0
56041,0.0
56043,0.0
56045,0.0
60000,2.64
66000,2.5
69000,2.64
72001,0.0
72003,7.4
72005,12.2
72007,10.9
72009,8.1
72011,17.6
72013,14.2
72015,5.3
72017,36.1
72019,6.7
72021,15.4
72023,11.9
72025,20.4
72027,14.9
72029,12.6
72031,15.1
72033,15.2
72035,13.0
72037,15.9
72039,16.9
72041,14.2
72043,0.0
72045,0.0
72047,5.6
72049,0.0
72051,7.8
72053,8.8
72054,0.0
72055,0.0
72057,2.3
72059,5.0
72061,17.2
72063,12.7
72065,7.2
72067,17.9
72069,14.3
72071,11.3
72073,0.0
72075,6.1
72077,15.0
72079,4.1
72081,7.1
72083,0.0
72085,12.9
72087,3.6
72089,15.5
72091,24.0
72093,16.6
72095,0.0
72097,12.2
72099,0.0
72101,12.4
72103,7.4
72105,3.4
72107,4.5
72109,0.0
72111,8.9
72113,7.8
72115,20.0
72117,6.8
72119,9.5
72121,0.0
72123,0.0
72125,11.9
72127,31.5
72129,15.2
72131,2.5
72133,13.1
72135,14.7
72137,25.0
72139,9.9
72141,6.4
72143,10.2
72145,17.8
72147,32.9
72149,8.2
72151,5.6
72153,0.0
78000,1.9
